year,county,state,copd_apc_2014,copd_prev,asthma_prev,tobacco_prev,med_income_5y,perc_below_poverty_1y,perc_below_poverty_5y,unemployment_1y,unemployment_5y,copd_apc_2015,apc_percent_diff
2014,Baldwin County,ALABAMA,1346.0,10.0,4.0,7.0,50183.0,0.127098709,0.137767971,0.071620032,0.085701503,1270.0,-0.0564635958395
2014,Calhoun County,ALABAMA,1514.0,15.0,5.0,12.0,40919.0,0.205982745,0.217165485,0.103949912,0.134855896,1569.0,0.0363276089828
2014,Etowah County,ALABAMA,1570.0,16.0,6.0,11.0,38467.0,0.183891684,0.195938423,0.104178794,0.107105665,1705.0,0.0859872611465
2014,Houston County,ALABAMA,1357.0,11.0,6.0,11.0,41077.0,0.203511089,0.183708504,0.085973822,0.080348499,1284.0,-0.0537951363301
2014,Jefferson County,ALABAMA,1161.0,9.0,5.0,7.0,45239.0,0.19567591,0.186980993,0.088052869,0.099232435,1287.0,0.108527131783
2014,Lauderdale County,ALABAMA,1466.0,13.0,5.0,9.0,42703.0,0.194081515,0.186683998,0.080732144,0.079128757,1586.0,0.0818553888131
2014,Lee County,ALABAMA,1352.0,9.0,5.0,7.0,43641.0,0.277303815,0.236462727,0.06433358,0.083295032,1528.0,0.130177514793
2014,Madison County,ALABAMA,1466.0,10.0,6.0,8.0,58203.0,0.146065369,0.133895814,0.074607186,0.095104374,1604.0,0.0941336971351
2014,Marshall County,ALABAMA,1445.0,17.0,4.0,12.0,39473.0,0.238239989,0.198658332,0.070113137,0.094490252,1721.0,0.191003460208
2014,Mobile County,ALABAMA,1628.0,10.0,5.0,8.0,43844.0,0.193435997,0.198893383,0.079017088,0.11025589,1699.0,0.0436117936118
2014,Montgomery County,ALABAMA,1247.0,9.0,4.0,7.0,44830.0,0.223168969,0.219582766,0.096514814,0.087741025,1343.0,0.0769847634322
2014,Morgan County,ALABAMA,1484.0,14.0,5.0,12.0,45341.0,0.141093671,0.15130949,0.055520616,0.108418956,1364.0,-0.0808625336927
2014,Shelby County,ALABAMA,1392.0,11.0,5.0,7.0,69723.0,0.103761517,0.08632952,0.057941344,0.062292047,1171.0,-0.158764367816
2014,Talladega County,ALABAMA,1640.0,13.0,5.0,10.0,35896.0,0.233200461,0.233656347,0.119466238,0.148807198,1881.0,0.146951219512
2014,Tuscaloosa County,ALABAMA,1523.0,13.0,7.0,12.0,46448.0,0.175361589,0.184321836,0.075944237,0.081942417,1460.0,-0.0413657255417
2014,Walker County,ALABAMA,1305.0,18.0,5.0,13.0,36712.0,0.252489895,0.230358049,0.0852459,0.130437925,1407.0,0.0781609195402
2014,Anchorage Municipality,ALASKA,1486.0,7.0,4.0,8.0,78121.0,0.097086847,0.082767881,0.054151434,0.065987058,1368.0,-0.0794078061911
2014,Fairbanks North Star Borough,ALASKA,1308.0,7.0,4.0,10.0,70408.0,0.098684832,0.080102332,0.081691928,0.073311701,1268.0,-0.0305810397554
2014,Matanuska-Susitna Borough,ALASKA,1259.0,11.0,4.0,10.0,72134.0,0.105934642,0.10168995,0.083583638,0.101277635,1087.0,-0.136616362192
2014,Apache County,ARIZONA,1557.0,6.0,6.0,4.0,32396.0,0.33629182,0.358670115,0.156987384,0.201010883,1368.0,-0.121387283237
2014,Cochise County,ARIZONA,1355.0,9.0,4.0,6.0,45974.0,0.184124589,0.175472781,0.077744253,0.085550003,1433.0,0.0575645756458
2014,Coconino County,ARIZONA,1698.0,7.0,5.0,5.0,48540.0,0.221349895,0.237902939,0.077349409,0.096688852,1533.0,-0.0971731448763
2014,Maricopa County,ARIZONA,1251.0,9.0,5.0,6.0,53689.0,0.171400994,0.171138182,0.068257287,0.08852084,1187.0,-0.0511590727418
2014,Mohave County,ARIZONA,1373.0,15.0,4.0,11.0,38456.0,0.206161678,0.199012011,0.117990188,0.142811716,1286.0,-0.0633648943918
2014,Navajo County,ARIZONA,1425.0,9.0,5.0,5.0,36591.0,0.287923902,0.306923896,0.216866851,0.198590592,1418.0,-0.00491228070175
2014,Pima County,ARIZONA,1134.0,7.0,5.0,5.0,46233.0,0.189000413,0.190453395,0.090447299,0.106612027,1123.0,-0.00970017636684
2014,Pinal County,ARIZONA,1580.0,10.0,6.0,7.0,50248.0,0.178995773,0.168239996,0.082366772,0.11561574,1232.0,-0.220253164557
2014,Yavapai County,ARIZONA,1536.0,11.0,6.0,6.0,44000.0,0.155077472,0.160647854,0.101815194,0.108926184,1336.0,-0.130208333333
2014,Yuma County,ARIZONA,1335.0,12.0,4.0,6.0,41380.0,0.223845273,0.207194656,0.102473333,0.128363565,1293.0,-0.0314606741573
2014,Benton County,ARKANSAS,1381.0,11.0,4.0,8.0,56325.0,0.122430503,0.117103979,0.034331497,0.049412265,1496.0,0.0832729905865
2014,Craighead County,ARKANSAS,1695.0,13.0,3.0,8.0,42085.0,0.246565551,0.21472922,0.047411926,0.082103394,1675.0,-0.0117994100295
2014,Faulkner County,ARKANSAS,1070.0,11.0,6.0,10.0,51095.0,0.151156187,0.151061222,0.066576637,0.068065591,1011.0,-0.0551401869159
2014,Garland County,ARKANSAS,1572.0,10.0,4.0,8.0,39558.0,0.188705266,0.220526099,0.098799311,0.100326248,1633.0,0.0388040712468
2014,Jefferson County,ARKANSAS,1554.0,9.0,4.0,11.0,36799.0,0.274277031,0.245158195,0.105429001,0.126484871,1513.0,-0.0263835263835
2014,Pulaski County,ARKANSAS,1275.0,9.0,4.0,9.0,46410.0,0.159028575,0.169175595,0.064336762,0.079240747,1307.0,0.0250980392157
2014,Sebastian County,ARKANSAS,1626.0,12.0,4.0,10.0,39208.0,0.245399415,0.225393802,0.058743395,0.06792555,1612.0,-0.00861008610086
2014,Washington County,ARKANSAS,1618.0,10.0,4.0,9.0,41983.0,0.203852117,0.206607774,0.057332307,0.070635498,1472.0,-0.0902348578492
2014,White County,ARKANSAS,1573.0,14.0,4.0,11.0,42852.0,0.211410969,0.181340322,0.064871907,0.07032232,1763.0,0.120788302606
2014,Alameda County,CALIFORNIA,1898.0,7.0,5.0,5.0,73775.0,0.124663122,0.128769726,0.06635309,0.095673554,1837.0,-0.0321390937829
2014,Butte County,CALIFORNIA,1188.0,13.0,6.0,9.0,43165.0,0.22301352,0.2153496,0.096225172,0.130826712,1277.0,0.0749158249158
2014,Contra Costa County,CALIFORNIA,1581.0,8.0,6.0,6.0,79799.0,0.105283365,0.106523171,0.078773275,0.097879857,1751.0,0.10752688172
2014,El Dorado County,CALIFORNIA,1066.0,10.0,5.0,7.0,68507.0,0.126151815,0.102723449,0.080544986,0.113132946,1315.0,0.233583489681
2014,Fresno County,CALIFORNIA,1218.0,8.0,7.0,6.0,45201.0,0.277265131,0.273626119,0.115987234,0.143058106,1336.0,0.0968801313629
2014,Humboldt County,CALIFORNIA,1211.0,8.0,5.0,9.0,42153.0,0.212160736,0.208082676,0.09926907,0.112981096,1278.0,0.0553261767135
2014,Imperial County,CALIFORNIA,921.0,9.0,6.0,5.0,41772.0,0.237336814,0.233974531,0.182876289,0.179705203,1114.0,0.209554831705
2014,Kern County,CALIFORNIA,1517.0,12.0,6.0,8.0,48574.0,0.247510791,0.233913392,0.109817013,0.131798044,1626.0,0.071852340145
2014,Kings County,CALIFORNIA,1483.0,11.0,7.0,7.0,47341.0,0.266376048,0.227323294,0.091136038,0.132621899,1391.0,-0.062036412677
2014,Los Angeles County,CALIFORNIA,1812.0,10.0,6.0,4.0,55870.0,0.18675296,0.183908239,0.087671436,0.110351682,1848.0,0.0198675496689
2014,Madera County,CALIFORNIA,1527.0,11.0,7.0,6.0,45490.0,0.221634507,0.231555223,0.072481513,0.095179088,1327.0,-0.130975769483
2014,Marin County,CALIFORNIA,1568.0,5.0,4.0,3.0,91529.0,0.087910064,0.087804273,0.039225031,0.071552731,1574.0,0.00382653061224
2014,Mendocino County,CALIFORNIA,1362.0,9.0,4.0,9.0,43290.0,0.185059622,0.201983258,0.1058219,0.122908331,1217.0,-0.106461086637
2014,Merced County,CALIFORNIA,1264.0,11.0,8.0,6.0,43066.0,0.251938522,0.255812675,0.1431683,0.17503795,1489.0,0.178006329114
2014,Monterey County,CALIFORNIA,1441.0,7.0,5.0,4.0,58582.0,0.172190771,0.172106609,0.062354404,0.093453415,1564.0,0.0853573907009
2014,Napa County,CALIFORNIA,1668.0,7.0,4.0,4.0,70925.0,0.082744405,0.102883361,0.050454073,0.083785437,1175.0,-0.295563549161
2014,Nevada County,CALIFORNIA,1454.0,8.0,5.0,6.0,56949.0,0.106629506,0.124456406,0.084384054,0.106340386,1440.0,-0.00962861072902
2014,Orange County,CALIFORNIA,1362.0,8.0,6.0,3.0,75998.0,0.128357396,0.12845777,0.063939705,0.087747663,1424.0,0.0455212922173
2014,Placer County,CALIFORNIA,1364.0,8.0,5.0,6.0,73747.0,0.084758393,0.089311264,0.062504508,0.092928641,1353.0,-0.00806451612903
2014,Riverside County,CALIFORNIA,1424.0,10.0,4.0,5.0,56592.0,0.170911133,0.168760851,0.117142655,0.142722905,1441.0,0.0119382022472
2014,Sacramento County,CALIFORNIA,1338.0,9.0,6.0,7.0,55615.0,0.18210344,0.180819839,0.099458717,0.130688131,1426.0,0.0657698056801
2014,San Bernardino County,CALIFORNIA,1536.0,11.0,5.0,6.0,54100.0,0.205595896,0.191714197,0.111040644,0.137385935,1455.0,-0.052734375
2014,San Diego County,CALIFORNIA,1288.0,8.0,4.0,4.0,63996.0,0.146731362,0.146933258,0.071639545,0.091523305,1418.0,0.100931677019
2014,San Francisco County,CALIFORNIA,1481.0,7.0,5.0,5.0,78378.0,0.120351993,0.132808611,0.061898034,0.075828731,1508.0,0.0182309250506
2014,San Joaquin County,CALIFORNIA,1428.0,10.0,6.0,7.0,53253.0,0.208531827,0.193657845,0.111071333,0.149744689,1393.0,-0.0245098039216
2014,San Luis Obispo County,CALIFORNIA,1278.0,8.0,5.0,4.0,59454.0,0.148126885,0.14760077,0.056127496,0.079425476,1320.0,0.0328638497653
2014,San Mateo County,CALIFORNIA,1546.0,6.0,5.0,3.0,91421.0,0.073489346,0.075887114,0.04807752,0.074019462,1705.0,0.102846054334
2014,Santa Barbara County,CALIFORNIA,1221.0,8.0,4.0,5.0,63409.0,0.179767683,0.166473523,0.06786903,0.088492833,1300.0,0.0647010647011
2014,Santa Clara County,CALIFORNIA,1854.0,6.0,5.0,3.0,93854.0,0.084168099,0.099294014,0.062206749,0.088159114,1866.0,0.00647249190939
2014,Santa Cruz County,CALIFORNIA,1554.0,5.0,5.0,4.0,66923.0,0.16802907,0.152642429,0.064119607,0.087273546,1676.0,0.0785070785071
2014,Shasta County,CALIFORNIA,1194.0,12.0,4.0,10.0,44556.0,0.137658685,0.179808006,0.080591388,0.122075737,1222.0,0.0234505862647
2014,Solano County,CALIFORNIA,1749.0,7.0,5.0,5.0,67341.0,0.123341419,0.130509704,0.098690912,0.117853478,1966.0,0.124070897656
2014,Sonoma County,CALIFORNIA,1319.0,8.0,5.0,6.0,63799.0,0.112573296,0.123106226,0.069479302,0.095497496,1521.0,0.153146322972
2014,Stanislaus County,CALIFORNIA,1633.0,10.0,5.0,8.0,49573.0,0.179779932,0.20279932,0.139045179,0.163242519,1775.0,0.0869565217391
2014,Sutter County,CALIFORNIA,1357.0,13.0,7.0,8.0,51527.0,0.137963727,0.1684874,0.121342935,0.138259858,1144.0,-0.156963890936
2014,Tulare County,CALIFORNIA,1286.0,10.0,6.0,6.0,42863.0,0.285968274,0.274221659,0.081091776,0.134865239,1366.0,0.0622083981337
2014,Ventura County,CALIFORNIA,1547.0,8.0,6.0,4.0,77335.0,0.113328189,0.111499168,0.079176724,0.093043938,1508.0,-0.0252100840336
2014,Yolo County,CALIFORNIA,1506.0,8.0,4.0,6.0,55508.0,0.212606594,0.200414762,0.064300641,0.09572868,1290.0,-0.143426294821
2014,Adams County,COLORADO,1519.0,11.0,5.0,10.0,57421.0,0.128084153,0.1414074,0.059023101,0.092802063,1443.0,-0.0500329163924
2014,Arapahoe County,COLORADO,1118.0,9.0,5.0,6.0,62213.0,0.113903001,0.116566919,0.055575673,0.08086215,1167.0,0.0438282647585
2014,Boulder County,COLORADO,1397.0,7.0,4.0,5.0,69407.0,0.141345248,0.145825431,0.058823857,0.069342941,1633.0,0.168933428776
2014,Denver County,COLORADO,1335.0,9.0,5.0,9.0,51800.0,0.156707302,0.183401316,0.046973642,0.077568479,1284.0,-0.038202247191
2014,Douglas County,COLORADO,1181.0,7.0,5.0,4.0,102626.0,0.040342588,0.040973041,0.029238466,0.047372725,1217.0,0.030482641829
2014,El Paso County,COLORADO,1005.0,9.0,5.0,7.0,57487.0,0.120779701,0.125153467,0.065975189,0.08581955,1157.0,0.151243781095
2014,Jefferson County,COLORADO,1072.0,9.0,5.0,7.0,69698.0,0.080929376,0.087499462,0.038267348,0.069724329,1140.0,0.0634328358209
2014,Larimer County,COLORADO,1268.0,8.0,4.0,5.0,58844.0,0.131679729,0.136571884,0.055967283,0.075000577,1213.0,-0.0433753943218
2014,Mesa County,COLORADO,1653.0,8.0,4.0,8.0,48610.0,0.169429854,0.15775919,0.081801504,0.091624632,1757.0,0.0629159104658
2014,Pueblo County,COLORADO,1216.0,13.0,7.0,11.0,41974.0,0.187870517,0.192960307,0.109494612,0.111011602,1502.0,0.235197368421
2014,Weld County,COLORADO,1380.0,10.0,5.0,7.0,58100.0,0.098214254,0.135221109,0.052911803,0.075016707,1417.0,0.0268115942029
2014,Fairfield County,CONNECTICUT,1736.0,9.0,5.0,4.0,83163.0,0.088670909,0.091152638,0.079375833,0.09590587,1749.0,0.00748847926267
2014,Hartford County,CONNECTICUT,1784.0,10.0,6.0,6.0,65499.0,0.122426443,0.120993793,0.08445669,0.102519445,1779.0,-0.00280269058296
2014,Litchfield County,CONNECTICUT,2010.0,12.0,6.0,7.0,72068.0,0.074541673,0.06829682,0.061300118,0.076309584,1845.0,-0.0820895522388
2014,Middlesex County,CONNECTICUT,1667.0,10.0,5.0,7.0,77931.0,0.083913453,0.068896115,0.057840105,0.066091187,1579.0,-0.0527894421116
2014,New Haven County,CONNECTICUT,1883.0,11.0,6.0,7.0,61646.0,0.131026745,0.127019301,0.088326231,0.103636347,1842.0,-0.0217737652682
2014,New London County,CONNECTICUT,1782.0,14.0,7.0,9.0,66693.0,0.113493159,0.091203123,0.060703918,0.08063776,1829.0,0.0263748597082
2014,Tolland County,CONNECTICUT,1301.0,11.0,6.0,6.0,79988.0,0.072902009,0.06565512,0.061966326,0.074818715,1349.0,0.0368946963874
2014,Windham County,CONNECTICUT,1604.0,15.0,8.0,10.0,59218.0,0.087204367,0.114483297,0.080295317,0.105578206,1796.0,0.11970074813
2014,Kent County,DELAWARE,1648.0,13.0,7.0,8.0,55169.0,0.134145677,0.129100278,0.069554918,0.092741214,1671.0,0.0139563106796
2014,New Castle County,DELAWARE,1848.0,9.0,6.0,8.0,64857.0,0.119174778,0.112616315,0.065554455,0.081446461,1842.0,-0.00324675324675
2014,Sussex County,DELAWARE,1415.0,12.0,4.0,8.0,53505.0,0.131814554,0.132745087,0.068714611,0.088337719,1327.0,-0.0621908127208
2014,District of Columbia,DISTRICT OF COLUMBIA,1937.0,7.0,6.0,9.0,69235.0,0.177256465,0.182412192,0.087810233,0.104748167,1989.0,0.0268456375839
2014,Alachua County,FLORIDA,1779.0,11.0,6.0,7.0,42045.0,0.221826077,0.253620684,0.091516413,0.085276634,1497.0,-0.158516020236
2014,Bay County,FLORIDA,1617.0,18.0,6.0,10.0,47274.0,0.147420555,0.147518456,0.08851862,0.09558031,1570.0,-0.0290661719233
2014,Brevard County,FLORIDA,1257.0,14.0,5.0,9.0,48483.0,0.144476861,0.140433356,0.09155573,0.11993549,1343.0,0.0684168655529
2014,Broward County,FLORIDA,1828.0,12.0,5.0,6.0,51574.0,0.143732831,0.146349818,0.083271794,0.112665832,1827.0,-0.00054704595186
2014,Charlotte County,FLORIDA,1398.0,16.0,6.0,7.0,44265.0,0.106945008,0.127298102,0.117119037,0.125831828,1323.0,-0.0536480686695
2014,Citrus County,FLORIDA,1383.0,15.0,5.0,8.0,38109.0,0.212176263,0.173399866,0.115546606,0.140545309,1203.0,-0.130151843818
2014,Clay County,FLORIDA,1380.0,14.0,6.0,8.0,59103.0,0.113346726,0.105357431,0.115217388,0.113725454,1545.0,0.119565217391
2014,Collier County,FLORIDA,1322.0,9.0,4.0,4.0,56250.0,0.144637272,0.143568471,0.064565949,0.09181498,1325.0,0.00226928895613
2014,Duval County,FLORIDA,1518.0,13.0,6.0,8.0,47582.0,0.183830857,0.174483776,0.081644878,0.108768739,1487.0,-0.0204216073781
2014,Escambia County,FLORIDA,1464.0,13.0,5.0,9.0,44883.0,0.136736676,0.171103686,0.077023886,0.101425499,1549.0,0.0580601092896
2014,Flagler County,FLORIDA,1496.0,10.0,5.0,5.0,47733.0,0.107456915,0.164412022,0.069969334,0.103955582,1738.0,0.161764705882
2014,Hernando County,FLORIDA,1238.0,18.0,5.0,8.0,40457.0,0.149564028,0.160294056,0.091149218,0.157791302,1178.0,-0.048465266559
2014,Hillsborough County,FLORIDA,1620.0,13.0,6.0,7.0,50122.0,0.168351635,0.171566531,0.076813541,0.100339316,1673.0,0.0327160493827
2014,Indian River County,FLORIDA,1037.0,11.0,5.0,6.0,44645.0,0.151479036,0.153826281,0.089856736,0.135704353,1213.0,0.169720347155
2014,Lake County,FLORIDA,1210.0,13.0,5.0,5.0,45465.0,0.136123031,0.143406868,0.093475983,0.108615324,1139.0,-0.0586776859504
2014,Lee County,FLORIDA,1431.0,12.0,4.0,6.0,47908.0,0.162586182,0.160451308,0.071715005,0.119312607,1423.0,-0.00559049615653
2014,Leon County,FLORIDA,1373.0,10.0,5.0,7.0,46620.0,0.238306284,0.237288699,0.107940376,0.11138957,1176.0,-0.143481427531
2014,Manatee County,FLORIDA,1379.0,12.0,4.0,6.0,49228.0,0.139574438,0.148776799,0.063587956,0.097950518,1512.0,0.0964467005076
2014,Marion County,FLORIDA,1091.0,16.0,6.0,8.0,39339.0,0.173884764,0.18286404,0.085957594,0.128913701,1093.0,0.00183318056829
2014,Martin County,FLORIDA,1233.0,13.0,6.0,5.0,51703.0,0.114263892,0.120479628,0.08105433,0.11066369,1364.0,0.106244931062
2014,Miami-Dade County,FLORIDA,1396.0,19.0,8.0,6.0,43099.0,0.203650266,0.205056593,0.081007272,0.112149112,1480.0,0.0601719197708
2014,Okaloosa County,FLORIDA,1528.0,14.0,4.0,9.0,55768.0,0.124940366,0.137463748,0.046975061,0.074273132,1561.0,0.0215968586387
2014,Orange County,FLORIDA,1801.0,12.0,6.0,6.0,47556.0,0.18342559,0.177529931,0.079446964,0.103997387,1711.0,-0.0499722376458
2014,Osceola County,FLORIDA,1525.0,13.0,7.0,7.0,44551.0,0.201732397,0.183148116,0.083174303,0.112754606,1662.0,0.0898360655738
2014,Palm Beach County,FLORIDA,1576.0,10.0,6.0,4.0,52878.0,0.148291886,0.145589545,0.080438815,0.10785307,1628.0,0.0329949238579
2014,Pasco County,FLORIDA,1490.0,16.0,6.0,9.0,44518.0,0.145882785,0.142853454,0.073971272,0.109734349,1521.0,0.0208053691275
2014,Pinellas County,FLORIDA,1649.0,14.0,5.0,8.0,45574.0,0.150931001,0.143475428,0.063618936,0.09650778,1639.0,-0.00606428138266
2014,Polk County,FLORIDA,1806.0,14.0,6.0,8.0,43063.0,0.180604964,0.184503198,0.091301136,0.11933782,1878.0,0.0398671096346
2014,St. Johns County,FLORIDA,1410.0,12.0,4.0,6.0,65575.0,0.07151065,0.097020343,0.061475869,0.071494505,1301.0,-0.077304964539
2014,St. Lucie County,FLORIDA,1568.0,14.0,5.0,8.0,42665.0,0.172746986,0.183590382,0.079215653,0.134724692,1615.0,0.0299744897959
2014,Santa Rosa County,FLORIDA,1564.0,14.0,4.0,10.0,58199.0,0.102459937,0.122063302,0.058371756,0.091755703,1525.0,-0.0249360613811
2014,Sarasota County,FLORIDA,1213.0,11.0,4.0,5.0,50304.0,0.102110498,0.118185535,0.049307264,0.098009579,1214.0,0.000824402308326
2014,Seminole County,FLORIDA,1758.0,12.0,5.0,5.0,57875.0,0.116445683,0.116173431,0.073353603,0.102879547,1660.0,-0.0557451649602
2014,Volusia County,FLORIDA,1396.0,15.0,5.0,8.0,41714.0,0.175985903,0.176020652,0.070332818,0.104458906,1422.0,0.0186246418338
2014,Barrow County,GEORGIA,2129.0,13.0,5.0,12.0,53256.0,0.118838049,0.134503007,0.070366494,0.111292914,1745.0,-0.180366369187
2014,Bibb County,GEORGIA,1707.0,11.0,5.0,9.0,36614.0,0.278712749,0.266696721,0.151688188,0.126546785,1705.0,-0.00117164616286
2014,Carroll County,GEORGIA,966.0,13.0,5.0,12.0,45009.0,0.257185012,0.19893001,0.112614363,0.130920619,1125.0,0.164596273292
2014,Chatham County,GEORGIA,1309.0,12.0,5.0,7.0,46987.0,0.17032142,0.193448439,0.090120941,0.092836946,1375.0,0.0504201680672
2014,Cherokee County,GEORGIA,1300.0,11.0,5.0,7.0,67371.0,0.097458273,0.102958202,0.058137115,0.075747609,1151.0,-0.114615384615
2014,Clarke County,GEORGIA,1930.0,8.0,4.0,9.0,33430.0,0.394897282,0.357442707,0.085420959,0.097375497,1622.0,-0.159585492228
2014,Clayton County,GEORGIA,1668.0,8.0,5.0,8.0,40314.0,0.22395502,0.24813734,0.106118463,0.158008501,1618.0,-0.0299760191847
2014,Cobb County,GEORGIA,1391.0,9.0,4.0,7.0,64657.0,0.127825961,0.13033697,0.067726545,0.090735085,1440.0,0.0352264557872
2014,Columbia County,GEORGIA,1311.0,10.0,4.0,5.0,68516.0,0.110943891,0.09570992,0.057596553,0.070764124,1620.0,0.235697940503
2014,Coweta County,GEORGIA,1763.0,9.0,4.0,8.0,61662.0,0.133168384,0.130239069,0.061800402,0.078861803,1554.0,-0.118547929665
2014,DeKalb County,GEORGIA,1367.0,7.0,5.0,7.0,50799.0,0.20083566,0.195909932,0.091041185,0.130140692,1472.0,0.0768105340161
2014,Dougherty County,GEORGIA,1508.0,11.0,5.0,10.0,31458.0,0.306776613,0.323777199,0.172405526,0.182218179,1375.0,-0.0881962864721
2014,Douglas County,GEORGIA,1295.0,12.0,5.0,10.0,52997.0,0.134885415,0.16222848,0.085007749,0.115352988,1674.0,0.292664092664
2014,Floyd County,GEORGIA,1558.0,14.0,4.0,14.0,41046.0,0.208149314,0.213834569,0.078731857,0.121044897,1722.0,0.105263157895
2014,Forsyth County,GEORGIA,1601.0,10.0,4.0,6.0,87657.0,0.0605096,0.071313351,0.047921479,0.072502628,1714.0,0.0705808869457
2014,Fulton County,GEORGIA,1542.0,7.0,5.0,7.0,56642.0,0.167623624,0.178272143,0.086107977,0.110871933,1433.0,-0.0706874189364
2014,Gwinnett County,GEORGIA,1412.0,9.0,5.0,6.0,60329.0,0.132655606,0.137882203,0.061538629,0.095047854,1460.0,0.0339943342776
2014,Hall County,GEORGIA,1341.0,11.0,4.0,8.0,51036.0,0.166134417,0.187769979,0.041639537,0.091549531,1366.0,0.0186428038777
2014,Henry County,GEORGIA,1404.0,10.0,5.0,8.0,60269.0,0.161928311,0.127549723,0.097801708,0.11630141,1514.0,0.0783475783476
2014,Houston County,GEORGIA,1281.0,16.0,6.0,12.0,55170.0,0.202958122,0.165539652,0.070542388,0.097508878,1422.0,0.110070257611
2014,Liberty County,GEORGIA,1402.0,15.0,5.0,8.0,43209.0,0.137095496,0.181867883,0.098825775,0.109710947,1227.0,-0.12482168331
2014,Lowndes County,GEORGIA,1504.0,13.0,5.0,9.0,37248.0,0.238298759,0.252814442,0.112429641,0.12482249,1488.0,-0.0106382978723
2014,Muscogee County,GEORGIA,1556.0,11.0,4.0,9.0,41362.0,0.211677849,0.201549307,0.085976668,0.101514123,1404.0,-0.0976863753213
2014,Richmond County,GEORGIA,1351.0,9.0,4.0,7.0,37704.0,0.248622477,0.253936559,0.133634731,0.122187145,1479.0,0.0947446336047
2014,Hawaii County,HAWAII,1216.0,7.0,5.0,5.0,51213.0,0.178996086,0.192299023,0.053918742,0.092644453,932.0,-0.233552631579
2014,Honolulu County,HAWAII,857.0,6.0,6.0,3.0,73581.0,0.097072676,0.09753745,0.048486006,0.054458246,779.0,-0.0910151691949
2014,Maui County,HAWAII,1403.0,6.0,5.0,4.0,64567.0,0.132035747,0.113889068,0.068676427,0.086659327,1129.0,-0.195295794726
2014,Ada County,IDAHO,1242.0,8.0,4.0,7.0,55805.0,0.111958385,0.127950162,0.042967521,0.073119901,1224.0,-0.0144927536232
2014,Bannock County,IDAHO,1231.0,9.0,6.0,11.0,43953.0,0.169460267,0.160569355,0.068245828,0.07349699,1458.0,0.184402924452
2014,Bonneville County,IDAHO,2032.0,9.0,6.0,7.0,50897.0,0.167037219,0.126567766,0.040922664,0.060974877,2206.0,0.0856299212598
2014,Canyon County,IDAHO,1306.0,9.0,5.0,9.0,43108.0,0.182435632,0.204436257,0.071343064,0.10393665,1192.0,-0.0872894333844
2014,Kootenai County,IDAHO,1314.0,9.0,4.0,8.0,49292.0,0.120336421,0.130299509,0.082032554,0.094891034,1366.0,0.0395738203957
2014,Adams County,ILLINOIS,1805.0,14.0,4.0,11.0,45472.0,0.147064239,0.143925041,0.062919654,0.0720305,1871.0,0.0365650969529
2014,Champaign County,ILLINOIS,1463.0,10.0,5.0,9.0,46680.0,0.234901786,0.226977453,0.05390887,0.069982059,1328.0,-0.0922761449077
2014,Cook County,ILLINOIS,1561.0,10.0,6.0,6.0,54828.0,0.170403212,0.172228664,0.097316481,0.117045835,1544.0,-0.0108904548366
2014,DeKalb County,ILLINOIS,1529.0,11.0,5.0,7.0,53771.0,0.150693238,0.188239127,0.087403253,0.103457175,1916.0,0.253106605625
2014,DuPage County,ILLINOIS,1485.0,9.0,4.0,5.0,79016.0,0.079259343,0.071496047,0.058469363,0.079492174,1473.0,-0.00808080808081
2014,Kane County,ILLINOIS,1488.0,9.0,5.0,6.0,70514.0,0.106325805,0.115434632,0.063841537,0.08866284,1443.0,-0.0302419354839
2014,Kankakee County,ILLINOIS,1538.0,12.0,5.0,7.0,51000.0,0.137211129,0.158906206,0.075723194,0.104686908,1531.0,-0.00455136540962
2014,Lake County,ILLINOIS,1601.0,10.0,4.0,4.0,77873.0,0.093369775,0.093985714,0.061313637,0.087833256,1544.0,-0.0356027482823
2014,LaSalle County,ILLINOIS,1729.0,13.0,4.0,8.0,51232.0,0.133371696,0.129291475,0.104442209,0.111450009,1548.0,-0.104684788895
2014,McHenry County,ILLINOIS,1470.0,11.0,4.0,6.0,76345.0,0.063666135,0.075976908,0.05568248,0.094956301,1616.0,0.0993197278912
2014,McLean County,ILLINOIS,1403.0,10.0,5.0,7.0,61955.0,0.148835093,0.147234738,0.048013382,0.060799517,1481.0,0.0555951532431
2014,Macon County,ILLINOIS,1405.0,11.0,7.0,10.0,46696.0,0.153757751,0.181420892,0.098730892,0.11845506,1331.0,-0.0526690391459
2014,Madison County,ILLINOIS,1269.0,13.0,4.0,11.0,53912.0,0.12999475,0.138577685,0.077381343,0.089307263,1252.0,-0.0133963750985
2014,Peoria County,ILLINOIS,1325.0,11.0,4.0,6.0,51454.0,0.167962447,0.169836789,0.085867755,0.094326183,1399.0,0.0558490566038
2014,Rock Island County,ILLINOIS,1202.0,11.0,4.0,7.0,48226.0,0.169574022,0.145351946,0.077619627,0.0817509,1339.0,0.113976705491
2014,St. Clair County,ILLINOIS,1155.0,13.0,5.0,9.0,50728.0,0.192687377,0.177647173,0.068919495,0.087387756,1119.0,-0.0311688311688
2014,Sangamon County,ILLINOIS,1308.0,12.0,7.0,9.0,55565.0,0.160709783,0.149084806,0.071777642,0.081063204,1149.0,-0.121559633028
2014,Tazewell County,ILLINOIS,1310.0,13.0,4.0,6.0,57052.0,0.085705459,0.09318202,0.038760711,0.066592045,1418.0,0.0824427480916
2014,Vermilion County,ILLINOIS,1855.0,15.0,4.0,10.0,42548.0,0.187341332,0.191461325,0.117807321,0.118497498,1971.0,0.0625336927224
2014,Will County,ILLINOIS,1466.0,11.0,5.0,6.0,76142.0,0.079043575,0.082089677,0.059903227,0.08927881,1568.0,0.0695770804911
2014,Winnebago County,ILLINOIS,1535.0,11.0,6.0,10.0,47523.0,0.170285329,0.174873561,0.110018618,0.124054961,1605.0,0.0456026058632
2014,Allen County,INDIANA,1609.0,12.0,6.0,10.0,49124.0,0.151441246,0.154904589,0.074303254,0.089745894,1745.0,0.0845245494096
2014,Clark County,INDIANA,1499.0,17.0,5.0,12.0,51182.0,0.08963076,0.116006218,0.059025921,0.08114969,1463.0,-0.0240160106738
2014,Delaware County,INDIANA,1631.0,14.0,6.0,10.0,37900.0,0.218776718,0.226090208,0.070160389,0.113873325,1624.0,-0.00429184549356
2014,Elkhart County,INDIANA,1826.0,11.0,4.0,9.0,46983.0,0.142763793,0.162215739,0.04615524,0.087428778,1646.0,-0.0985761226725
2014,Floyd County,INDIANA,1739.0,15.0,4.0,12.0,53431.0,0.108726449,0.127660722,0.065261289,0.081147149,1513.0,-0.129959746981
2014,Hamilton County,INDIANA,1467.0,9.0,4.0,5.0,84635.0,0.049750302,0.048293017,0.037444126,0.050268225,1319.0,-0.100886162236
2014,Howard County,INDIANA,1775.0,14.0,6.0,10.0,42078.0,0.181612998,0.175357535,0.087818623,0.102723971,1569.0,-0.116056338028
2014,Johnson County,INDIANA,1213.0,13.0,5.0,8.0,60644.0,0.123515867,0.108633995,0.069230668,0.070128456,1411.0,0.163231657049
2014,Lake County,INDIANA,1343.0,15.0,6.0,9.0,49617.0,0.174112737,0.182149485,0.113524556,0.111874476,1429.0,0.0640357408786
2014,LaPorte County,INDIANA,1281.0,16.0,4.0,11.0,47117.0,0.194309264,0.17715241,0.115872689,0.109793246,1231.0,-0.0390320062451
2014,Madison County,INDIANA,1645.0,14.0,8.0,11.0,43440.0,0.165188178,0.175503731,0.072044052,0.10278248,1720.0,0.0455927051672
2014,Marion County,INDIANA,1783.0,12.0,5.0,12.0,42378.0,0.213533819,0.210141107,0.092421979,0.111551471,1642.0,-0.0790802019069
2014,Monroe County,INDIANA,1446.0,9.0,4.0,7.0,41857.0,0.254980385,0.24911499,0.072170638,0.075196743,1367.0,-0.0546334716459
2014,Porter County,INDIANA,1243.0,15.0,5.0,9.0,62818.0,0.103503875,0.113651223,0.054267019,0.080044083,1345.0,0.082059533387
2014,St. Joseph County,INDIANA,1585.0,10.0,4.0,8.0,45012.0,0.172165155,0.176292449,0.073266268,0.102431282,1647.0,0.0391167192429
2014,Tippecanoe County,INDIANA,1759.0,13.0,6.0,10.0,44474.0,0.236419901,0.22225067,0.067771375,0.074858323,1678.0,-0.0460488914156
2014,Vanderburgh County,INDIANA,1542.0,14.0,6.0,12.0,43067.0,0.180655509,0.161814958,0.057140056,0.069011815,1411.0,-0.0849546044099
2014,Vigo County,INDIANA,1995.0,17.0,5.0,11.0,41175.0,0.199246675,0.198060498,0.092070259,0.081019774,1901.0,-0.0471177944862
2014,Wayne County,INDIANA,1655.0,14.0,5.0,11.0,37932.0,0.16821155,0.2108289,0.08612188,0.105874099,1675.0,0.012084592145
2014,Black Hawk County,IOWA,1329.0,11.0,4.0,8.0,47002.0,0.141916543,0.166027769,0.049826756,0.078375705,1417.0,0.066215199398
2014,Dubuque County,IOWA,1132.0,9.0,3.0,5.0,53410.0,0.122077756,0.11508733,0.032121994,0.047121719,891.0,-0.212897526502
2014,Johnson County,IOWA,1357.0,7.0,4.0,5.0,54985.0,0.169891477,0.176663041,0.031213727,0.03584649,1222.0,-0.099484156227
2014,Linn County,IOWA,1143.0,11.0,4.0,7.0,59560.0,0.088226423,0.095366351,0.035216857,0.051225148,1249.0,0.092738407699
2014,Polk County,IOWA,1489.0,10.0,3.0,7.0,59844.0,0.135368824,0.125196755,0.044415176,0.059423707,1478.0,-0.0073875083949
2014,Pottawattamie County,IOWA,1346.0,13.0,4.0,9.0,51939.0,0.114928544,0.131986126,0.051350962,0.059196234,1405.0,0.0438335809807
2014,Scott County,IOWA,1382.0,12.0,5.0,7.0,53704.0,0.113751762,0.12771827,0.051316135,0.058904342,1443.0,0.0441389290883
2014,Story County,IOWA,1024.0,9.0,5.0,5.0,51270.0,0.224876001,0.219167203,0.046499077,0.056482062,990.0,-0.033203125
2014,Woodbury County,IOWA,1115.0,12.0,5.0,9.0,46015.0,0.152763203,0.155288815,0.061081514,0.055448312,1162.0,0.0421524663677
2014,Butler County,KANSAS,1215.0,12.0,3.0,10.0,57474.0,0.120856993,0.092503808,0.052422628,0.0670176,1351.0,0.111934156379
2014,Douglas County,KANSAS,1520.0,8.0,6.0,7.0,50732.0,0.204661071,0.184568956,0.062650152,0.0671627,1667.0,0.0967105263158
2014,Johnson County,KANSAS,1459.0,8.0,4.0,5.0,75017.0,0.064990506,0.064969525,0.037569951,0.049739577,1578.0,0.0815627141878
2014,Leavenworth County,KANSAS,1404.0,11.0,5.0,9.0,64909.0,0.112502903,0.107893817,0.029014736,0.067020305,1254.0,-0.106837606838
2014,Riley County,KANSAS,1315.0,9.0,4.0,6.0,44522.0,0.220756978,0.223226294,0.057060264,0.045469694,1395.0,0.0608365019011
2014,Sedgwick County,KANSAS,1289.0,10.0,4.0,9.0,50326.0,0.14183037,0.151463702,0.060942989,0.079386637,1326.0,0.0287044220326
2014,Shawnee County,KANSAS,1252.0,13.0,6.0,10.0,49695.0,0.147361562,0.163069636,0.047952205,0.071764179,1181.0,-0.0567092651757
2014,Wyandotte County,KANSAS,1572.0,12.0,5.0,12.0,39326.0,0.241831377,0.242914006,0.095788702,0.123870917,1449.0,-0.0782442748092
2014,Boone County,KENTUCKY,1318.0,14.0,6.0,13.0,67286.0,0.074032679,0.086659826,0.059433766,0.062362839,1431.0,0.0857359635812
2014,Campbell County,KENTUCKY,1506.0,14.0,6.0,13.0,54482.0,0.13501209,0.139511168,0.056913752,0.081662729,1619.0,0.0750332005312
2014,Christian County,KENTUCKY,1426.0,17.0,4.0,11.0,38720.0,0.219721034,0.203690782,0.107891954,0.11068514,1548.0,0.085553997195
2014,Daviess County,KENTUCKY,1402.0,14.0,6.0,14.0,45760.0,0.145021379,0.158083126,0.055307116,0.06808079,1308.0,-0.0670470756063
2014,Fayette County,KENTUCKY,1432.0,12.0,5.0,11.0,48667.0,0.206180289,0.193061128,0.067272283,0.079670496,1628.0,0.13687150838
2014,Hardin County,KENTUCKY,1355.0,17.0,8.0,11.0,49602.0,0.138196632,0.149034515,0.066028863,0.082151622,1369.0,0.010332103321
2014,Jefferson County,KENTUCKY,1364.0,14.0,5.0,10.0,47692.0,0.166964412,0.167301118,0.067696378,0.093116954,1450.0,0.0630498533724
2014,Kenton County,KENTUCKY,1296.0,13.0,6.0,13.0,54817.0,0.164938718,0.142907336,0.065330118,0.083762087,1573.0,0.213734567901
2014,Madison County,KENTUCKY,1670.0,16.0,4.0,13.0,42155.0,0.20041962,0.216720879,0.086807959,0.09108419,1795.0,0.0748502994012
2014,Pike County,KENTUCKY,1514.0,21.0,4.0,19.0,32571.0,0.277345061,0.241409361,0.113289945,0.110199653,1478.0,-0.0237780713342
2014,Warren County,KENTUCKY,1758.0,14.0,5.0,12.0,45209.0,0.185820013,0.1905725,0.079154439,0.090622768,1877.0,0.0676905574516
2014,Bossier Parish,LOUISIANA,1743.0,13.0,4.0,10.0,52754.0,0.144092217,0.135897994,0.06764701,0.060178794,1824.0,0.0464716006885
2014,Caddo Parish,LOUISIANA,1967.0,12.0,4.0,10.0,41251.0,0.242051989,0.210558534,0.073424406,0.076287732,2066.0,0.0503304524657
2014,Calcasieu Parish,LOUISIANA,1503.0,13.0,6.0,11.0,44045.0,0.186100751,0.172458544,0.073404543,0.089264318,1463.0,-0.0266134397871
2014,East Baton Rouge Parish,LOUISIANA,1176.0,8.0,4.0,8.0,48535.0,0.179983914,0.193162292,0.064661913,0.080033518,1191.0,0.0127551020408
2014,Jefferson Parish,LOUISIANA,1733.0,10.0,5.0,9.0,47871.0,0.154752344,0.168438822,0.057646804,0.073395267,1574.0,-0.0917484131564
2014,Lafayette Parish,LOUISIANA,1971.0,10.0,5.0,9.0,51406.0,0.146140769,0.163263664,0.04931714,0.064557582,1658.0,-0.158802638255
2014,Lafourche Parish,LOUISIANA,1382.0,12.0,5.0,10.0,50396.0,0.186787337,0.145990416,0.074449569,0.067740895,1326.0,-0.040520984081
2014,Orleans Parish,LOUISIANA,1593.0,9.0,6.0,12.0,36964.0,0.277937263,0.276815772,0.102584012,0.115318589,1580.0,-0.00816070307596
2014,Ouachita Parish,LOUISIANA,1876.0,13.0,4.0,9.0,39111.0,0.246848464,0.242952377,0.072907776,0.079139836,1907.0,0.0165245202559
2014,Rapides Parish,LOUISIANA,2015.0,13.0,5.0,10.0,41305.0,0.189588726,0.20558086,0.085259095,0.085455298,1984.0,-0.0153846153846
2014,St. Landry Parish,LOUISIANA,1536.0,15.0,5.0,11.0,33928.0,0.323404193,0.277441382,0.067820914,0.061632726,1539.0,0.001953125
2014,St. Tammany Parish,LOUISIANA,1628.0,13.0,4.0,9.0,61942.0,0.107590921,0.108171709,0.064745426,0.077267118,1509.0,-0.0730958230958
2014,Tangipahoa Parish,LOUISIANA,1871.0,14.0,5.0,11.0,40721.0,0.216030017,0.217276007,0.104387395,0.124541879,1770.0,-0.0539818278995
2014,Androscoggin County,MAINE,1393.0,13.0,6.0,14.0,45765.0,0.155630156,0.160684317,0.058850173,0.088459432,1828.0,0.312275664034
2014,Aroostook County,MAINE,1598.0,16.0,6.0,13.0,37378.0,0.218145743,0.170874014,0.063868143,0.074405029,1572.0,-0.0162703379224
2014,Cumberland County,MAINE,1435.0,10.0,5.0,9.0,59560.0,0.109411225,0.116810665,0.044476476,0.057722773,1460.0,0.0174216027875
2014,Kennebec County,MAINE,1278.0,11.0,5.0,12.0,46559.0,0.13645044,0.134653509,0.068063825,0.084088527,1473.0,0.152582159624
2014,Penobscot County,MAINE,1680.0,13.0,5.0,12.0,44543.0,0.190230235,0.169228256,0.063587807,0.079336844,1840.0,0.0952380952381
2014,York County,MAINE,1478.0,12.0,5.0,10.0,56701.0,0.115151241,0.105704047,0.052625783,0.067188814,1516.0,0.0257104194858
2014,Allegany County,MARYLAND,1479.0,13.0,7.0,8.0,39794.0,0.181511998,0.173131406,0.100293271,0.102286108,1472.0,-0.00473292765382
2014,Anne Arundel County,MARYLAND,1655.0,10.0,5.0,7.0,89031.0,0.061390053,0.059043646,0.054874025,0.063671768,1905.0,0.151057401813
2014,Baltimore County,MARYLAND,1712.0,11.0,5.0,7.0,66940.0,0.09749686,0.09056823,0.062503815,0.074062631,1755.0,0.0251168224299
2014,Carroll County,MARYLAND,1755.0,10.0,5.0,6.0,85532.0,0.053021923,0.055277977,0.031009011,0.047537215,1625.0,-0.0740740740741
2014,Cecil County,MARYLAND,1757.0,15.0,7.0,12.0,65124.0,0.105260544,0.105850086,0.054838192,0.087549776,1890.0,0.0756972111554
2014,Charles County,MARYLAND,1661.0,11.0,5.0,8.0,91910.0,0.060337655,0.07564722,0.054880269,0.070288658,1798.0,0.0824804334738
2014,Frederick County,MARYLAND,1505.0,10.0,6.0,7.0,84480.0,0.060941771,0.061929263,0.050200332,0.062134638,1769.0,0.175415282392
2014,Harford County,MARYLAND,1520.0,11.0,5.0,7.0,81016.0,0.081337802,0.077338919,0.055916339,0.0702345,1617.0,0.0638157894737
2014,Howard County,MARYLAND,1363.0,7.0,5.0,4.0,110133.0,0.061353181,0.050954107,0.046855092,0.051220201,1362.0,-0.000733675715334
2014,Montgomery County,MARYLAND,1487.0,6.0,4.0,3.0,98704.0,0.070069231,0.068788514,0.065815248,0.064304225,1505.0,0.0121049092132
2014,Prince George's County,MARYLAND,2008.0,7.0,5.0,6.0,73856.0,0.101622619,0.097453766,0.090985946,0.09571176,1993.0,-0.00747011952191
2014,St. Mary's County,MARYLAND,1921.0,12.0,6.0,8.0,88190.0,0.074801356,0.068056881,0.051647026,0.052404821,1618.0,-0.157730348777
2014,Washington County,MARYLAND,1611.0,14.0,7.0,10.0,56477.0,0.141867727,0.126510963,0.108204372,0.090557277,1693.0,0.0509000620732
2014,Wicomico County,MARYLAND,1571.0,12.0,5.0,10.0,52301.0,0.166559249,0.173718408,0.060585573,0.092271611,1596.0,0.0159134309357
2014,Baltimore city,MARYLAND,1870.0,11.0,7.0,12.0,41819.0,0.235959694,0.24207668,0.1181015,0.139080778,2024.0,0.0823529411765
2014,Barnstable County,MASSACHUSETTS,1543.0,9.0,6.0,7.0,61597.0,0.077041246,0.097028993,0.057634246,0.079030447,1564.0,0.0136098509397
2014,Berkshire County,MASSACHUSETTS,1622.0,11.0,5.0,10.0,49737.0,0.124283642,0.126970559,0.086452685,0.094244346,1591.0,-0.0191122071517
2014,Bristol County,MASSACHUSETTS,1670.0,12.0,7.0,10.0,55957.0,0.123344801,0.126652479,0.067713983,0.099904455,1811.0,0.0844311377246
2014,Essex County,MASSACHUSETTS,1777.0,10.0,7.0,8.0,68776.0,0.105817489,0.11265789,0.067604959,0.084524706,1909.0,0.0742824985931
2014,Franklin County,MASSACHUSETTS,1646.0,10.0,6.0,9.0,54072.0,0.116773978,0.118649386,0.050332025,0.075456321,1566.0,-0.048602673147
2014,Hampden County,MASSACHUSETTS,1696.0,11.0,7.0,8.0,50036.0,0.177018911,0.176951632,0.09324947,0.109315515,1534.0,-0.0955188679245
2014,Hampshire County,MASSACHUSETTS,1459.0,10.0,6.0,6.0,61460.0,0.16440782,0.138610691,0.07957346,0.073270738,1487.0,0.0191912268677
2014,Middlesex County,MASSACHUSETTS,1667.0,9.0,6.0,7.0,83488.0,0.089686714,0.084078655,0.050993025,0.068140022,1779.0,0.0671865626875
2014,Norfolk County,MASSACHUSETTS,1702.0,10.0,5.0,6.0,86469.0,0.063228898,0.06457755,0.066101409,0.075785466,1832.0,0.0763807285546
2014,Plymouth County,MASSACHUSETTS,1762.0,11.0,6.0,8.0,75816.0,0.080471307,0.076924965,0.066369556,0.088040978,1868.0,0.0601589103292
2014,Suffolk County,MASSACHUSETTS,2196.0,9.0,7.0,9.0,54169.0,0.217251435,0.211540177,0.082490012,0.100754037,2068.0,-0.0582877959927
2014,Worcester County,MASSACHUSETTS,1794.0,10.0,6.0,8.0,65453.0,0.115151435,0.115630247,0.069141187,0.085444756,1937.0,0.0797101449275
2014,Allegan County,MICHIGAN,1444.0,12.0,4.0,12.0,52472.0,0.110797547,0.137141824,0.042317498,0.077045612,1652.0,0.14404432133
2014,Bay County,MICHIGAN,1613.0,16.0,7.0,13.0,45715.0,0.175394714,0.155608252,0.079422094,0.10508243,1697.0,0.0520768753875
2014,Berrien County,MICHIGAN,1341.0,13.0,5.0,11.0,44701.0,0.174136057,0.176458567,0.066157892,0.106028169,1294.0,-0.0350484712901
2014,Calhoun County,MICHIGAN,1488.0,14.0,5.0,11.0,43199.0,0.148052931,0.1722285,0.085014991,0.11591658,1563.0,0.0504032258065
2014,Clinton County,MICHIGAN,1113.0,11.0,6.0,7.0,60381.0,0.115043782,0.116381079,0.057130076,0.071809955,1479.0,0.32884097035
2014,Eaton County,MICHIGAN,1594.0,13.0,6.0,9.0,55223.0,0.092951544,0.104457833,0.06837105,0.093231253,1443.0,-0.094730238394
2014,Genesee County,MICHIGAN,1448.0,17.0,7.0,14.0,41879.0,0.215242878,0.21240145,0.119254857,0.155001983,1399.0,-0.0338397790055
2014,Grand Traverse County,MICHIGAN,1359.0,11.0,5.0,10.0,52487.0,0.083033718,0.117198646,0.053322345,0.077667817,1719.0,0.264900662252
2014,Ingham County,MICHIGAN,1447.0,12.0,7.0,11.0,45278.0,0.200593442,0.223492548,0.070680715,0.099647857,1300.0,-0.101589495508
2014,Isabella County,MICHIGAN,1577.0,15.0,7.0,13.0,37615.0,0.303053468,0.317550212,0.092523709,0.12129236,1699.0,0.0773620798985
2014,Jackson County,MICHIGAN,1190.0,15.0,5.0,10.0,45452.0,0.14993073,0.174593583,0.096732542,0.117415376,1276.0,0.072268907563
2014,Kalamazoo County,MICHIGAN,1483.0,10.0,5.0,11.0,46356.0,0.19456844,0.190648496,0.075812139,0.103089929,1492.0,0.00606877950101
2014,Kent County,MICHIGAN,1425.0,10.0,5.0,11.0,52716.0,0.154240057,0.154764697,0.059565723,0.088729337,1292.0,-0.0933333333333
2014,Lapeer County,MICHIGAN,1337.0,15.0,7.0,12.0,53016.0,0.109432004,0.115552314,0.090080455,0.123685837,1546.0,0.156320119671
2014,Lenawee County,MICHIGAN,1220.0,14.0,6.0,10.0,48118.0,0.150143996,0.144843131,0.066915438,0.101937287,1414.0,0.159016393443
2014,Livingston County,MICHIGAN,1483.0,11.0,4.0,7.0,73694.0,0.055563387,0.060307525,0.061393309,0.074618414,1490.0,0.00472016183412
2014,Macomb County,MICHIGAN,1224.0,15.0,6.0,10.0,54059.0,0.122193508,0.127640739,0.070057854,0.108387865,1294.0,0.0571895424837
2014,Marquette County,MICHIGAN,1037.0,11.0,6.0,10.0,45066.0,0.161620855,0.168144956,0.08709719,0.084545314,1330.0,0.282545805207
2014,Midland County,MICHIGAN,1270.0,12.0,6.0,9.0,52613.0,0.11716751,0.131935224,0.081065461,0.087515995,1307.0,0.0291338582677
2014,Monroe County,MICHIGAN,1782.0,16.0,6.0,11.0,54911.0,0.097066663,0.117673494,0.064820729,0.099478409,1691.0,-0.0510662177329
2014,Muskegon County,MICHIGAN,1338.0,12.0,5.0,12.0,41842.0,0.202650562,0.202762067,0.11587432,0.140364528,1165.0,-0.129297458894
2014,Oakland County,MICHIGAN,1443.0,12.0,7.0,8.0,66436.0,0.099284396,0.104158334,0.062775664,0.090899043,1450.0,0.004851004851
2014,Ottawa County,MICHIGAN,1244.0,9.0,5.0,8.0,58160.0,0.090791427,0.106910467,0.0536598,0.073885851,1300.0,0.0450160771704
2014,Saginaw County,MICHIGAN,1508.0,16.0,7.0,12.0,43566.0,0.166345194,0.181453273,0.089958481,0.12147098,1645.0,0.090848806366
2014,St. Clair County,MICHIGAN,1294.0,18.0,7.0,13.0,48703.0,0.13613376,0.151771754,0.087048009,0.128766701,1312.0,0.0139103554869
2014,Shiawassee County,MICHIGAN,1493.0,14.0,6.0,12.0,47723.0,0.157842085,0.155292466,0.084463418,0.114486471,1485.0,-0.00535833891494
2014,Van Buren County,MICHIGAN,1827.0,13.0,5.0,13.0,46536.0,0.159503341,0.191950053,0.079136893,0.094520509,1859.0,0.0175150519978
2014,Washtenaw County,MICHIGAN,1445.0,9.0,6.0,7.0,60805.0,0.145122662,0.151842177,0.057546113,0.084029041,1426.0,-0.0131487889273
2014,Wayne County,MICHIGAN,1550.0,17.0,8.0,14.0,41421.0,0.239796206,0.247539818,0.127579719,0.167945206,1558.0,0.00516129032258
2014,Anoka County,MINNESOTA,1398.0,9.0,5.0,13.0,70464.0,0.074109957,0.075792052,0.051944256,0.071667783,1233.0,-0.118025751073
2014,Blue Earth County,MINNESOTA,996.0,8.0,4.0,10.0,50977.0,0.19293277,0.188718334,0.038859341,0.056675162,880.0,-0.116465863454
2014,Dakota County,MINNESOTA,1683.0,7.0,4.0,8.0,74995.0,0.074316718,0.077641279,0.03428141,0.05869814,1704.0,0.0124777183601
2014,Hennepin County,MINNESOTA,1397.0,7.0,6.0,11.0,65033.0,0.129768223,0.129222825,0.049561515,0.069943681,1534.0,0.0980672870437
2014,Olmsted County,MINNESOTA,1285.0,6.0,3.0,6.0,67089.0,0.102833092,0.087264247,0.050321147,0.044337709,1363.0,0.0607003891051
2014,Ramsey County,MINNESOTA,1396.0,7.0,5.0,11.0,55460.0,0.163481385,0.168492079,0.059513092,0.078562923,1451.0,0.0393982808023
2014,St. Louis County,MINNESOTA,1194.0,8.0,4.0,12.0,47138.0,0.173608169,0.170226261,0.058614235,0.078686744,1564.0,0.309882747069
2014,Scott County,MINNESOTA,1926.0,7.0,4.0,9.0,86510.0,0.054805819,0.056978267,0.039806724,0.053681262,1351.0,-0.298546209761
2014,Stearns County,MINNESOTA,1418.0,7.0,5.0,10.0,55455.0,0.139058843,0.134122401,0.057008006,0.062932171,1852.0,0.306064880113
2014,Washington County,MINNESOTA,1525.0,7.0,4.0,7.0,83182.0,0.0635757,0.057018783,0.054747846,0.055337392,1630.0,0.0688524590164
2014,Wright County,MINNESOTA,1464.0,7.0,4.0,10.0,73085.0,0.054169383,0.062909007,0.03273638,0.05591207,1816.0,0.24043715847
2014,DeSoto County,MISSISSIPPI,1520.0,11.0,3.0,7.0,58995.0,0.093150102,0.098578565,0.069109969,0.081940845,1693.0,0.113815789474
2014,Forrest County,MISSISSIPPI,2235.0,11.0,4.0,9.0,36538.0,0.266631037,0.284785151,0.161472097,0.133626118,2089.0,-0.0653243847875
2014,Harrison County,MISSISSIPPI,1644.0,14.0,4.0,11.0,42285.0,0.17654115,0.19997339,0.085275605,0.091226563,1757.0,0.0687347931873
2014,Hinds County,MISSISSIPPI,2011.0,8.0,4.0,8.0,38021.0,0.226385191,0.248138413,0.092769548,0.107493646,2026.0,0.00745897563401
2014,Jackson County,MISSISSIPPI,1491.0,11.0,4.0,10.0,49145.0,0.144604281,0.155602664,0.084810361,0.101787008,1572.0,0.0543259557344
2014,Rankin County,MISSISSIPPI,2275.0,11.0,4.0,8.0,58811.0,0.098012276,0.113621883,0.043648105,0.059119221,1986.0,-0.127032967033
2014,Boone County,MISSOURI,1190.0,9.0,5.0,9.0,49059.0,0.206876934,0.201197445,0.041933037,0.055864207,1432.0,0.203361344538
2014,Buchanan County,MISSOURI,1340.0,18.0,5.0,12.0,44971.0,0.176524326,0.176923797,0.076507002,0.085428797,1348.0,0.00597014925373
2014,Cape Girardeau County,MISSOURI,1033.0,13.0,3.0,10.0,45849.0,0.187188491,0.173306689,0.062183976,0.073027968,1447.0,0.400774443369
2014,Clay County,MISSOURI,1370.0,12.0,5.0,9.0,61184.0,0.091618814,0.093178071,0.048978005,0.066625036,1438.0,0.0496350364964
2014,Cole County,MISSOURI,1252.0,12.0,4.0,10.0,53228.0,0.143438414,0.136201009,0.056692008,0.048402686,1330.0,0.0623003194888
2014,Franklin County,MISSOURI,1022.0,14.0,5.0,12.0,48661.0,0.118321441,0.125373021,0.045954123,0.08612597,1180.0,0.154598825832
2014,Greene County,MISSOURI,1411.0,12.0,5.0,11.0,40512.0,0.214245185,0.191232234,0.063068666,0.076979913,1364.0,-0.0333097094259
2014,Jackson County,MISSOURI,1562.0,12.0,6.0,12.0,46917.0,0.164113626,0.174814075,0.06508366,0.087492339,1492.0,-0.044814340589
2014,Jasper County,MISSOURI,1318.0,17.0,6.0,13.0,40914.0,0.202174947,0.178365037,0.062012259,0.075675309,1253.0,-0.0493171471927
2014,Jefferson County,MISSOURI,1175.0,15.0,6.0,13.0,55563.0,0.103351489,0.111490212,0.068186,0.092168935,1189.0,0.011914893617
2014,Platte County,MISSOURI,1293.0,11.0,5.0,8.0,68638.0,0.063484631,0.074150361,0.050075274,0.059333857,1250.0,-0.0332559938128
2014,St. Charles County,MISSOURI,1156.0,12.0,5.0,8.0,72100.0,0.067873836,0.061408337,0.046238996,0.061873306,1131.0,-0.0216262975779
2014,St. Louis County,MISSOURI,1235.0,10.0,6.0,7.0,59520.0,0.092280351,0.107519187,0.06533654,0.081682101,1171.0,-0.0518218623482
2014,St. Louis city,MISSOURI,1398.0,12.0,8.0,15.0,34800.0,0.285085559,0.277505636,0.119361646,0.141116604,1379.0,-0.0135908440629
2014,Cascade County,MONTANA,1153.0,14.0,6.0,9.0,45091.0,0.133032277,0.144172236,0.037025347,0.051186945,1177.0,0.0208152645273
2014,Gallatin County,MONTANA,1459.0,6.0,3.0,5.0,54298.0,0.156253323,0.139069661,0.052147791,0.063603394,1747.0,0.197395476354
2014,Missoula County,MONTANA,1146.0,8.0,3.0,9.0,47029.0,0.154330119,0.15981929,0.052223474,0.091204546,1320.0,0.151832460733
2014,Yellowstone County,MONTANA,1380.0,10.0,4.0,9.0,51743.0,0.119839706,0.124831274,0.030508393,0.045180798,1216.0,-0.11884057971
2014,Douglas County,NEBRASKA,1595.0,10.0,4.0,7.0,53444.0,0.141034305,0.146715075,0.054152366,0.064569093,1390.0,-0.128526645768
2014,Lancaster County,NEBRASKA,1473.0,10.0,4.0,7.0,51916.0,0.143114731,0.148819789,0.040302001,0.059562545,1450.0,-0.0156143923965
2014,Sarpy County,NEBRASKA,1501.0,9.0,4.0,6.0,70121.0,0.04556682,0.067903079,0.033260725,0.049595486,1242.0,-0.172551632245
2014,Clark County,NEVADA,1666.0,11.0,5.0,8.0,52070.0,0.151655033,0.157485142,0.093293875,0.119898602,1739.0,0.0438175270108
2014,Washoe County,NEVADA,1415.0,10.0,4.0,9.0,52910.0,0.155695841,0.15683265,0.076587997,0.105918519,1238.0,-0.125088339223
2014,Grafton County,NEW HAMPSHIRE,2184.0,8.0,4.0,6.0,55045.0,0.12124563,0.112180807,0.04067345,0.053449728,2347.0,0.0746336996337
2014,Hillsborough County,NEW HAMPSHIRE,1644.0,11.0,6.0,10.0,70906.0,0.086954005,0.085967518,0.05398573,0.067215852,1623.0,-0.0127737226277
2014,Merrimack County,NEW HAMPSHIRE,1895.0,10.0,5.0,9.0,65226.0,0.097180419,0.095355079,0.044520248,0.060020495,1959.0,0.0337730870712
2014,Rockingham County,NEW HAMPSHIRE,1401.0,10.0,5.0,7.0,79368.0,0.058918476,0.056931775,0.052745719,0.061613467,1537.0,0.0970735189151
2014,Strafford County,NEW HAMPSHIRE,1720.0,12.0,5.0,10.0,59580.0,0.121849746,0.111818358,0.047173701,0.068216398,1721.0,0.000581395348837
2014,Atlantic County,NEW JERSEY,1597.0,13.0,6.0,8.0,54392.0,0.154504046,0.151993304,0.114176787,0.127880678,1678.0,0.0507201001879
2014,Bergen County,NEW JERSEY,1617.0,9.0,5.0,4.0,83686.0,0.076770335,0.074838899,0.053234644,0.073257022,1784.0,0.103277674706
2014,Burlington County,NEW JERSEY,1611.0,10.0,6.0,7.0,79612.0,0.070815735,0.05755486,0.075573131,0.086432524,1579.0,-0.0198634388579
2014,Camden County,NEW JERSEY,1782.0,10.0,7.0,9.0,61842.0,0.130644321,0.130866408,0.081942201,0.113622099,1922.0,0.0785634118967
2014,Cape May County,NEW JERSEY,968.0,13.0,6.0,8.0,57394.0,0.134708613,0.111322321,0.096938029,0.100695446,1193.0,0.232438016529
2014,Cumberland County,NEW JERSEY,1667.0,13.0,6.0,10.0,50603.0,0.198012277,0.180234239,0.078714296,0.133118138,1934.0,0.160167966407
2014,Essex County,NEW JERSEY,1657.0,9.0,7.0,6.0,54499.0,0.168337524,0.171864659,0.115697682,0.136965588,1882.0,0.135787567894
2014,Gloucester County,NEW JERSEY,1973.0,11.0,6.0,8.0,76213.0,0.079778031,0.079623394,0.075127348,0.098570287,2164.0,0.0968068930563
2014,Hudson County,NEW JERSEY,1714.0,13.0,8.0,5.0,58973.0,0.17761296,0.173658937,0.078149758,0.10291376,1803.0,0.0519253208868
2014,Hunterdon County,NEW JERSEY,1440.0,8.0,5.0,4.0,106519.0,0.047173563,0.04154091,0.049559422,0.069684714,1624.0,0.127777777778
2014,Mercer County,NEW JERSEY,1508.0,11.0,6.0,7.0,74118.0,0.119180478,0.11674653,0.082528099,0.103482135,1576.0,0.0450928381963
2014,Middlesex County,NEW JERSEY,1563.0,10.0,5.0,5.0,80118.0,0.082027793,0.085403249,0.068141237,0.084154852,1758.0,0.124760076775
2014,Monmouth County,NEW JERSEY,1526.0,11.0,5.0,6.0,85605.0,0.081882611,0.073535666,0.057772089,0.085237086,1594.0,0.0445609436435
2014,Morris County,NEW JERSEY,1503.0,8.0,4.0,4.0,99142.0,0.047456704,0.046577413,0.057103023,0.070215918,1530.0,0.0179640718563
2014,Ocean County,NEW JERSEY,1256.0,15.0,6.0,7.0,61839.0,0.120431148,0.111065619,0.083410747,0.099427491,1327.0,0.0565286624204
2014,Passaic County,NEW JERSEY,1883.0,10.0,6.0,5.0,59513.0,0.184790686,0.16439566,0.066051602,0.097968407,1842.0,-0.0217737652682
2014,Salem County,NEW JERSEY,1751.0,12.0,6.0,9.0,60768.0,0.139124423,0.135244876,0.094673127,0.12344709,1787.0,0.0205596801828
2014,Somerset County,NEW JERSEY,1508.0,8.0,5.0,4.0,100903.0,0.040861979,0.051332582,0.046228081,0.065336861,1407.0,-0.066976127321
2014,Sussex County,NEW JERSEY,1308.0,11.0,5.0,7.0,87397.0,0.060675066,0.057384159,0.076855712,0.093924053,1460.0,0.11620795107
2014,Union County,NEW JERSEY,1488.0,9.0,5.0,4.0,69396.0,0.11079035,0.110606499,0.083231874,0.107218385,1651.0,0.109543010753
2014,Warren County,NEW JERSEY,1572.0,11.0,5.0,6.0,70934.0,0.083360374,0.078885414,0.081836596,0.094718479,1312.0,-0.165394402036
2014,Bernalillo County,NEW MEXICO,1538.0,7.0,5.0,7.0,48390.0,0.193093807,0.185893714,0.083403818,0.086065792,1309.0,-0.148894668401
2014,McKinley County,NEW MEXICO,1351.0,6.0,6.0,3.0,29812.0,0.379276127,0.36587286,0.187834203,0.139125764,1194.0,-0.116210214656
2014,Otero County,NEW MEXICO,941.0,14.0,6.0,7.0,40614.0,0.204400897,0.21960327,0.0876996,0.121200271,1028.0,0.0924548352816
2014,Sandoval County,NEW MEXICO,1340.0,6.0,5.0,6.0,57092.0,0.126564845,0.146718889,0.092343137,0.091418989,1138.0,-0.150746268657
2014,San Juan County,NEW MEXICO,1512.0,10.0,5.0,7.0,48824.0,0.220350653,0.215167835,0.094257854,0.089249566,1833.0,0.212301587302
2014,Santa Fe County,NEW MEXICO,1458.0,6.0,5.0,6.0,52958.0,0.142118618,0.166572556,0.068419226,0.089613356,1569.0,0.0761316872428
2014,Albany County,NEW YORK,1260.0,10.0,6.0,8.0,59940.0,0.13625665,0.135509163,0.059026044,0.067571409,1234.0,-0.0206349206349
2014,Bronx County,NEW YORK,2245.0,9.0,9.0,7.0,34284.0,0.31553483,0.30466184,0.119182922,0.149619758,2315.0,0.0311804008909
2014,Broome County,NEW YORK,1011.0,11.0,6.0,9.0,46368.0,0.171045169,0.177771538,0.064737983,0.08578711,1005.0,-0.00593471810089
2014,Cattaraugus County,NEW YORK,1205.0,17.0,7.0,14.0,43503.0,0.158176839,0.176962823,0.077347472,0.088808909,1344.0,0.115352697095
2014,Cayuga County,NEW YORK,1605.0,12.0,4.0,10.0,51792.0,0.113656491,0.12406224,0.065191492,0.082497187,1901.0,0.184423676012
2014,Chautauqua County,NEW YORK,1158.0,12.0,6.0,13.0,42720.0,0.194231361,0.193839684,0.089909032,0.084552102,1365.0,0.178756476684
2014,Chemung County,NEW YORK,1546.0,13.0,6.0,13.0,49685.0,0.187450022,0.160078511,0.038720626,0.061425596,1360.0,-0.120310478655
2014,Clinton County,NEW YORK,1746.0,13.0,7.0,11.0,50985.0,0.170688882,0.152278498,0.045215078,0.072608963,1705.0,-0.0234822451317
2014,Dutchess County,NEW YORK,1490.0,11.0,5.0,7.0,72471.0,0.097442254,0.08824189,0.082121223,0.092468046,1646.0,0.104697986577
2014,Erie County,NEW YORK,1248.0,11.0,6.0,12.0,51050.0,0.152011558,0.147184476,0.058900677,0.079365879,1234.0,-0.0112179487179
2014,Jefferson County,NEW YORK,1201.0,14.0,5.0,10.0,48613.0,0.144082457,0.150014639,0.075378984,0.0939757,1524.0,0.268942547877
2014,Kings County,NEW YORK,1528.0,10.0,7.0,5.0,46958.0,0.234001458,0.233632088,0.085510939,0.106075257,1533.0,0.0032722513089
2014,Livingston County,NEW YORK,882.0,12.0,7.0,12.0,52200.0,0.162993029,0.146747246,0.062492095,0.059876923,1079.0,0.22335600907
2014,Madison County,NEW YORK,1244.0,13.0,4.0,8.0,53584.0,0.101466358,0.111784004,0.058111519,0.053222094,1599.0,0.28536977492
2014,Monroe County,NEW YORK,1267.0,8.0,7.0,12.0,52501.0,0.142126009,0.154463366,0.071526721,0.080936044,1542.0,0.217048145225
2014,Nassau County,NEW YORK,1645.0,9.0,6.0,4.0,98401.0,0.064295165,0.062854476,0.054257125,0.070884295,1560.0,-0.0516717325228
2014,New York County,NEW YORK,1696.0,8.0,6.0,4.0,71656.0,0.175830558,0.177413225,0.065659657,0.081859089,1658.0,-0.0224056603774
2014,Niagara County,NEW YORK,1373.0,15.0,6.0,13.0,49091.0,0.131770507,0.135828063,0.062928841,0.08066725,1377.0,0.00291332847779
2014,Oneida County,NEW YORK,1231.0,14.0,6.0,9.0,48931.0,0.176856101,0.165012583,0.074440651,0.079596505,1412.0,0.14703493095
2014,Onondaga County,NEW YORK,1155.0,10.0,5.0,8.0,54498.0,0.163806602,0.152352378,0.074490942,0.078049131,1235.0,0.0692640692641
2014,Ontario County,NEW YORK,1435.0,11.0,5.0,11.0,57318.0,0.120779172,0.104392841,0.055158343,0.066384599,1357.0,-0.0543554006969
2014,Orange County,NEW YORK,1215.0,14.0,7.0,7.0,70794.0,0.133352026,0.12626487,0.05823141,0.077859692,1439.0,0.184362139918
2014,Oswego County,NEW YORK,1760.0,13.0,6.0,11.0,47646.0,0.205685049,0.185223356,0.097920753,0.102324314,1419.0,-0.19375
2014,Putnam County,NEW YORK,1490.0,10.0,5.0,6.0,96262.0,0.059066076,0.055600684,0.071780942,0.078170121,1675.0,0.124161073826
2014,Queens County,NEW YORK,1726.0,9.0,6.0,4.0,57210.0,0.152024433,0.15289855,0.076808341,0.094809212,1691.0,-0.0202780996524
2014,Rensselaer County,NEW YORK,1324.0,12.0,6.0,10.0,60140.0,0.131091759,0.129923597,0.069163568,0.083381146,1380.0,0.0422960725076
2014,Richmond County,NEW YORK,1649.0,9.0,5.0,6.0,74043.0,0.144862309,0.123330407,0.061470348,0.076379806,1676.0,0.0163735597332
2014,Rockland County,NEW YORK,1535.0,10.0,7.0,4.0,85808.0,0.148459107,0.141059533,0.058262989,0.081020936,1707.0,0.112052117264
2014,St. Lawrence County,NEW YORK,1394.0,17.0,5.0,12.0,44454.0,0.187817916,0.197277546,0.080709413,0.107789874,1364.0,-0.0215208034433
2014,Saratoga County,NEW YORK,1147.0,10.0,5.0,8.0,70581.0,0.068781123,0.067962945,0.044202205,0.062679626,1383.0,0.205754141238
2014,Schenectady County,NEW YORK,1350.0,10.0,6.0,8.0,57025.0,0.125065908,0.128021002,0.064436607,0.084002681,1304.0,-0.0340740740741
2014,Steuben County,NEW YORK,1007.0,12.0,6.0,11.0,47733.0,0.16928035,0.158514544,0.073708624,0.085854247,1223.0,0.214498510427
2014,Suffolk County,NEW YORK,1671.0,11.0,6.0,6.0,88323.0,0.074498266,0.068244345,0.057447109,0.070749871,1715.0,0.0263315380012
2014,Sullivan County,NEW YORK,1354.0,14.0,7.0,9.0,49388.0,0.145753488,0.179974377,0.080247588,0.127214387,1203.0,-0.111521418021
2014,Tompkins County,NEW YORK,1093.0,8.0,4.0,7.0,52836.0,0.198247895,0.205859363,0.071739048,0.058280393,1064.0,-0.0265324794145
2014,Ulster County,NEW YORK,1554.0,11.0,5.0,8.0,58592.0,0.133382842,0.122852877,0.089022905,0.10134244,1469.0,-0.0546975546976
2014,Wayne County,NEW YORK,1393.0,11.0,6.0,11.0,51597.0,0.133644402,0.119291194,0.083482221,0.073488072,1205.0,-0.13496051687
2014,Westchester County,NEW YORK,1710.0,9.0,5.0,4.0,83422.0,0.10164769,0.095713347,0.06935592,0.08101739,1776.0,0.0385964912281
2014,Alamance County,NORTH CAROLINA,1535.0,12.0,7.0,12.0,42592.0,0.183377162,0.187769398,0.069579773,0.094681926,1392.0,-0.0931596091205
2014,Brunswick County,NORTH CAROLINA,1472.0,11.0,4.0,9.0,46955.0,0.163576618,0.163249448,0.073532648,0.131247178,1296.0,-0.119565217391
2014,Buncombe County,NORTH CAROLINA,1419.0,10.0,5.0,10.0,45642.0,0.12635994,0.16492258,0.055568747,0.079552121,1440.0,0.014799154334
2014,Burke County,NORTH CAROLINA,1629.0,14.0,5.0,13.0,37735.0,0.217218876,0.207208648,0.135615334,0.130724803,1801.0,0.105586249233
2014,Cabarrus County,NORTH CAROLINA,1631.0,12.0,5.0,11.0,53935.0,0.126752213,0.131446838,0.100062087,0.110900991,1782.0,0.092581238504
2014,Carteret County,NORTH CAROLINA,895.0,13.0,4.0,10.0,47179.0,0.144578129,0.151617348,0.083945036,0.107523747,1120.0,0.251396648045
2014,Catawba County,NORTH CAROLINA,1515.0,13.0,5.0,11.0,45397.0,0.164255887,0.153153926,0.063686244,0.092076503,1635.0,0.0792079207921
2014,Cleveland County,NORTH CAROLINA,1478.0,13.0,5.0,15.0,39197.0,0.21246694,0.201418579,0.125477567,0.135268211,1547.0,0.0466847090663
2014,Craven County,NORTH CAROLINA,1104.0,12.0,5.0,10.0,47295.0,0.16126287,0.161694512,0.099407583,0.11326842,1094.0,-0.00905797101449
2014,Cumberland County,NORTH CAROLINA,1339.0,13.0,5.0,11.0,44778.0,0.172620714,0.173606366,0.081223786,0.108623266,1185.0,-0.11501120239
2014,Davidson County,NORTH CAROLINA,1463.0,15.0,5.0,14.0,42866.0,0.171893537,0.16066438,0.090623781,0.118891791,1363.0,-0.0683526999316
2014,Durham County,NORTH CAROLINA,1520.0,8.0,5.0,8.0,52038.0,0.164288476,0.180936113,0.061287791,0.080594681,1630.0,0.0723684210526
2014,Forsyth County,NORTH CAROLINA,1580.0,12.0,5.0,12.0,46003.0,0.200606018,0.190779954,0.094876453,0.097568072,1552.0,-0.0177215189873
2014,Gaston County,NORTH CAROLINA,1525.0,14.0,4.0,13.0,42158.0,0.163320318,0.180725589,0.091539502,0.126928017,1607.0,0.0537704918033
2014,Guilford County,NORTH CAROLINA,1111.0,10.0,5.0,10.0,45050.0,0.171021074,0.178779855,0.071005851,0.101290241,1280.0,0.152115211521
2014,Harnett County,NORTH CAROLINA,1632.0,16.0,5.0,13.0,44417.0,0.210844308,0.18164359,0.118124142,0.113455333,1501.0,-0.0802696078431
2014,Iredell County,NORTH CAROLINA,1700.0,14.0,5.0,10.0,51889.0,0.130589455,0.133691698,0.08539331,0.110427968,1573.0,-0.0747058823529
2014,Johnston County,NORTH CAROLINA,1532.0,15.0,5.0,12.0,49799.0,0.153416365,0.163750038,0.069262289,0.10007076,1515.0,-0.0110966057441
2014,Mecklenburg County,NORTH CAROLINA,1489.0,9.0,5.0,8.0,56472.0,0.15017058,0.155273989,0.084915347,0.101093046,1548.0,0.0396239086635
2014,New Hanover County,NORTH CAROLINA,1419.0,10.0,5.0,10.0,49582.0,0.187550187,0.181346387,0.077037103,0.099768698,1504.0,0.0599013389711
2014,Onslow County,NORTH CAROLINA,926.0,15.0,6.0,12.0,46141.0,0.131523013,0.146532461,0.071769387,0.084870286,1043.0,0.126349892009
2014,Orange County,NORTH CAROLINA,1366.0,6.0,4.0,6.0,57261.0,0.140851244,0.168191656,0.071333326,0.07533323,1332.0,-0.0248901903367
2014,Pitt County,NORTH CAROLINA,1341.0,9.0,6.0,11.0,42011.0,0.235393882,0.23980096,0.126042038,0.12032941,1447.0,0.0790454884415
2014,Randolph County,NORTH CAROLINA,1079.0,15.0,5.0,12.0,41782.0,0.166625395,0.180064589,0.060297746,0.101278096,1111.0,0.0296570898981
2014,Robeson County,NORTH CAROLINA,1599.0,16.0,8.0,18.0,30581.0,0.325409383,0.319757909,0.121346824,0.129073322,1867.0,0.167604752971
2014,Rockingham County,NORTH CAROLINA,1176.0,15.0,5.0,14.0,38946.0,0.195601895,0.188199446,0.075186588,0.122912705,1141.0,-0.0297619047619
2014,Rowan County,NORTH CAROLINA,1535.0,14.0,5.0,12.0,41925.0,0.17771171,0.191169307,0.098466784,0.122801811,1643.0,0.0703583061889
2014,Surry County,NORTH CAROLINA,1512.0,17.0,5.0,15.0,35894.0,0.185823247,0.198466644,0.061758954,0.087244302,1586.0,0.0489417989418
2014,Union County,NORTH CAROLINA,1721.0,11.0,5.0,9.0,65893.0,0.107713915,0.096480034,0.076718926,0.09206824,1568.0,-0.0889018012783
2014,Wake County,NORTH CAROLINA,1359.0,8.0,4.0,7.0,66579.0,0.116008937,0.11278116,0.052782118,0.073625788,1318.0,-0.0301692420898
2014,Wayne County,NORTH CAROLINA,1293.0,12.0,5.0,11.0,41172.0,0.255261064,0.224555805,0.110597588,0.121372677,1292.0,-0.00077339520495
2014,Burleigh County,NORTH DAKOTA,1072.0,8.0,4.0,5.0,64370.0,0.086184412,0.078996494,0.024131086,0.026631078,1171.0,0.0923507462687
2014,Cass County,NORTH DAKOTA,1393.0,8.0,4.0,7.0,52993.0,0.118366666,0.126769662,0.033650901,0.035918333,1771.0,0.27135678392
2014,Grand Forks County,NORTH DAKOTA,1400.0,10.0,4.0,9.0,47050.0,0.217687696,0.181388602,0.036796376,0.041678097,1525.0,0.0892857142857
2014,Ward County,NORTH DAKOTA,1047.0,12.0,4.0,7.0,59301.0,0.073534898,0.09273266,0.02442977,0.023855509,983.0,-0.0611270296084
2014,Allen County,OHIO,1347.0,16.0,5.0,10.0,43648.0,0.177912652,0.183526099,0.094802879,0.110477507,1380.0,0.0244988864143
2014,Ashtabula County,OHIO,2078.0,17.0,5.0,12.0,40304.0,0.226649255,0.190172806,0.061538812,0.095799349,2024.0,-0.0259865255053
2014,Belmont County,OHIO,2069.0,14.0,5.0,13.0,43045.0,0.152399585,0.145320982,0.090097122,0.09043888,2068.0,-0.000483325277912
2014,Butler County,OHIO,1702.0,14.0,6.0,10.0,56998.0,0.145686015,0.137793228,0.063478671,0.081503637,1685.0,-0.00998824911868
2014,Clark County,OHIO,1506.0,19.0,7.0,12.0,43011.0,0.183575898,0.190437064,0.088769346,0.108126603,1305.0,-0.133466135458
2014,Clermont County,OHIO,1400.0,13.0,6.0,12.0,60552.0,0.113906562,0.105211429,0.054761447,0.065308541,1257.0,-0.102142857143
2014,Columbiana County,OHIO,1633.0,15.0,6.0,10.0,43707.0,0.152418405,0.162078649,0.088138126,0.098125219,1565.0,-0.0416411512554
2014,Cuyahoga County,OHIO,1578.0,11.0,6.0,10.0,44203.0,0.193469346,0.185374558,0.100372784,0.11407432,1667.0,0.0564005069708
2014,Delaware County,OHIO,1531.0,10.0,5.0,8.0,91936.0,0.044996969,0.048968423,0.026896469,0.041336447,1376.0,-0.101241018942
2014,Erie County,OHIO,1709.0,13.0,5.0,11.0,48204.0,0.139686584,0.127014756,0.063211873,0.085570812,1804.0,0.0555880631949
2014,Fairfield County,OHIO,1756.0,12.0,5.0,11.0,60704.0,0.088571914,0.108794652,0.045617256,0.072500199,1512.0,-0.138952164009
2014,Franklin County,OHIO,1764.0,11.0,6.0,13.0,51890.0,0.171644032,0.179792091,0.059737831,0.080602452,1472.0,-0.165532879819
2014,Greene County,OHIO,1682.0,13.0,6.0,9.0,58775.0,0.139203936,0.142886788,0.062073238,0.078419648,1390.0,-0.173602853746
2014,Hamilton County,OHIO,1569.0,10.0,6.0,10.0,48927.0,0.174346283,0.184413046,0.08411812,0.095735952,1532.0,-0.0235818992989
2014,Hancock County,OHIO,1071.0,11.0,5.0,8.0,50166.0,0.149144888,0.148467079,0.0526735,0.080125809,1141.0,0.0653594771242
2014,Jefferson County,OHIO,1714.0,16.0,6.0,13.0,40816.0,0.203466728,0.17487298,0.133397698,0.092149615,1875.0,0.0939323220537
2014,Lake County,OHIO,1633.0,13.0,5.0,9.0,56809.0,0.083791845,0.091928482,0.053373054,0.072299853,1355.0,-0.17023882425
2014,Licking County,OHIO,1919.0,11.0,4.0,12.0,55777.0,0.144474745,0.123643614,0.048127919,0.073198251,1573.0,-0.18030224075
2014,Lorain County,OHIO,1441.0,16.0,6.0,11.0,52610.0,0.147626549,0.145820811,0.078064427,0.095659077,1422.0,-0.0131852879944
2014,Lucas County,OHIO,1461.0,16.0,7.0,13.0,41751.0,0.205094486,0.211065531,0.080547079,0.122418091,1485.0,0.0164271047228
2014,Mahoning County,OHIO,1405.0,12.0,6.0,10.0,41350.0,0.18729198,0.178809747,0.081335187,0.108384028,1483.0,0.0555160142349
2014,Marion County,OHIO,1891.0,17.0,6.0,15.0,42904.0,0.243014872,0.190801874,0.088192292,0.096784256,1928.0,0.0195663670016
2014,Medina County,OHIO,1315.0,11.0,5.0,8.0,66296.0,0.065788344,0.075428724,0.046696391,0.059202731,1302.0,-0.00988593155894
2014,Montgomery County,OHIO,1699.0,13.0,6.0,9.0,43281.0,0.196129203,0.184980303,0.090617456,0.105457686,1430.0,-0.158328428487
2014,Muskingum County,OHIO,1725.0,17.0,6.0,16.0,40937.0,0.192659229,0.192341328,0.081920177,0.097351834,1474.0,-0.145507246377
2014,Portage County,OHIO,1124.0,13.0,5.0,11.0,53027.0,0.142651618,0.159508407,0.085057676,0.101948693,1273.0,0.13256227758
2014,Richland County,OHIO,1833.0,13.0,4.0,9.0,42042.0,0.151264042,0.163210481,0.083620787,0.097936012,1719.0,-0.0621931260229
2014,Ross County,OHIO,1598.0,18.0,6.0,18.0,43450.0,0.190402627,0.193921372,0.128448844,0.141831338,1936.0,0.211514392991
2014,Scioto County,OHIO,1763.0,23.0,6.0,14.0,36945.0,0.286034375,0.245192438,0.082869694,0.111314043,1841.0,0.0442427680091
2014,Stark County,OHIO,1435.0,13.0,5.0,12.0,46290.0,0.147871748,0.150118336,0.065303586,0.095967308,1357.0,-0.0543554006969
2014,Summit County,OHIO,1276.0,13.0,6.0,12.0,50082.0,0.13007164,0.147306159,0.066873476,0.094921663,1331.0,0.0431034482759
2014,Trumbull County,OHIO,1325.0,14.0,6.0,10.0,43226.0,0.172026068,0.172779605,0.059252672,0.086180769,1260.0,-0.0490566037736
2014,Tuscarawas County,OHIO,1452.0,14.0,5.0,12.0,44656.0,0.133148164,0.142653868,0.046543039,0.079458162,1554.0,0.0702479338843
2014,Warren County,OHIO,1502.0,11.0,6.0,7.0,73177.0,0.044568338,0.057500556,0.049625915,0.069940872,1410.0,-0.0612516644474
2014,Wayne County,OHIO,1301.0,13.0,6.0,11.0,49244.0,0.148030519,0.133930653,0.045558047,0.059968039,1192.0,-0.0837817063797
2014,Wood County,OHIO,1478.0,12.0,5.0,8.0,52758.0,0.151029274,0.147934467,0.060648762,0.088479199,1259.0,-0.148173207037
2014,Canadian County,OKLAHOMA,1571.0,11.0,5.0,7.0,64200.0,0.069074556,0.074750289,0.050264437,0.053485841,1665.0,0.0598345003183
2014,Cleveland County,OKLAHOMA,1543.0,13.0,6.0,10.0,55626.0,0.129925534,0.132890582,0.040194996,0.053056791,1584.0,0.0265716137395
2014,Comanche County,OKLAHOMA,1007.0,17.0,5.0,10.0,46302.0,0.182790026,0.180205122,0.078872867,0.079981729,1037.0,0.0297914597815
2014,Creek County,OKLAHOMA,2014.0,14.0,5.0,13.0,44003.0,0.154099077,0.153969944,0.031368207,0.074975811,1853.0,-0.0799404170804
2014,Muskogee County,OKLAHOMA,2031.0,15.0,5.0,11.0,40133.0,0.227692261,0.220144272,0.062921956,0.085925095,1788.0,-0.11964549483
2014,Oklahoma County,OKLAHOMA,1628.0,12.0,6.0,9.0,46584.0,0.183173701,0.184627458,0.060183641,0.06516584,1679.0,0.0313267813268
2014,Payne County,OKLAHOMA,1407.0,12.0,6.0,12.0,37637.0,0.264678687,0.252739012,0.070169091,0.061295357,1465.0,0.0412224591329
2014,Pottawatomie County,OKLAHOMA,1712.0,14.0,5.0,9.0,44250.0,0.170668766,0.186223119,0.073845476,0.06809631,1812.0,0.0584112149533
2014,Rogers County,OKLAHOMA,1778.0,12.0,5.0,11.0,57843.0,0.096273325,0.092972815,0.038760036,0.059716027,2094.0,0.177727784027
2014,Tulsa County,OKLAHOMA,1722.0,10.0,5.0,10.0,48926.0,0.149983048,0.157611921,0.05305833,0.069928601,1574.0,-0.0859465737515
2014,Wagoner County,OKLAHOMA,1574.0,13.0,4.0,10.0,56189.0,0.089417689,0.112846337,0.051031489,0.062895492,1452.0,-0.0775095298602
2014,Benton County,OREGON,1299.0,5.0,4.0,5.0,49338.0,0.203604177,0.22661981,0.08005666,0.086578496,1107.0,-0.147806004619
2014,Clackamas County,OREGON,1173.0,6.0,4.0,7.0,64700.0,0.092490464,0.097488269,0.066100575,0.095591836,1289.0,0.0988917306053
2014,Deschutes County,OREGON,1305.0,7.0,4.0,6.0,49584.0,0.130695343,0.150138915,0.065943763,0.108470961,1312.0,0.00536398467433
2014,Douglas County,OREGON,1287.0,12.0,5.0,8.0,40820.0,0.20118995,0.196724877,0.13441965,0.136359632,1293.0,0.004662004662
2014,Jackson County,OREGON,1187.0,9.0,5.0,8.0,44086.0,0.180954069,0.177963406,0.087511405,0.123786114,1230.0,0.0362257792755
2014,Klamath County,OREGON,968.0,11.0,4.0,10.0,39534.0,0.222136199,0.185887456,0.09695898,0.130427599,1337.0,0.381198347107
2014,Lane County,OREGON,1219.0,8.0,4.0,8.0,43685.0,0.184111983,0.203680903,0.074856967,0.110840574,1318.0,0.0812141099262
2014,Linn County,OREGON,1304.0,9.0,5.0,10.0,44965.0,0.203357264,0.194920331,0.111693136,0.111663125,1160.0,-0.110429447853
2014,Marion County,OREGON,1292.0,8.0,5.0,8.0,47360.0,0.173697323,0.190693736,0.08583077,0.124909423,1228.0,-0.0495356037152
2014,Multnomah County,OREGON,1259.0,7.0,5.0,9.0,52845.0,0.18791154,0.185052097,0.077415884,0.098360658,1357.0,0.0778395552025
2014,Polk County,OREGON,1086.0,7.0,5.0,8.0,51880.0,0.140681356,0.170356587,0.126724586,0.127474293,1268.0,0.16758747698
2014,Umatilla County,OREGON,1438.0,10.0,5.0,8.0,47185.0,0.185604021,0.170828968,0.076800771,0.101402342,1664.0,0.157162726008
2014,Washington County,OREGON,975.0,6.0,5.0,6.0,65272.0,0.128271088,0.118244596,0.067652494,0.088104546,1151.0,0.180512820513
2014,Yamhill County,OREGON,1274.0,10.0,5.0,9.0,53864.0,0.163998261,0.167054862,0.083277367,0.101255938,1344.0,0.0549450549451
2014,Adams County,PENNSYLVANIA,1255.0,9.0,5.0,7.0,60068.0,0.114432812,0.099470139,0.053434674,0.059804305,1099.0,-0.124302788845
2014,Allegheny County,PENNSYLVANIA,1589.0,11.0,5.0,9.0,52390.0,0.133129254,0.129323319,0.065787017,0.0757953,1596.0,0.00440528634361
2014,Armstrong County,PENNSYLVANIA,1273.0,12.0,4.0,9.0,45375.0,0.136744738,0.132855535,0.058915202,0.079772681,1198.0,-0.0589159465829
2014,Beaver County,PENNSYLVANIA,1322.0,11.0,5.0,8.0,50242.0,0.114112221,0.120848775,0.0588664,0.071718097,1171.0,-0.114220877458
2014,Berks County,PENNSYLVANIA,1306.0,11.0,7.0,7.0,55798.0,0.146981329,0.14308247,0.086541787,0.093569361,1524.0,0.166921898928
2014,Blair County,PENNSYLVANIA,1440.0,11.0,4.0,8.0,43871.0,0.147953302,0.142406136,0.062419333,0.067266896,1425.0,-0.0104166666667
2014,Bucks County,PENNSYLVANIA,1334.0,10.0,5.0,7.0,76824.0,0.064695626,0.05873039,0.061365999,0.077587597,1422.0,0.0659670164918
2014,Butler County,PENNSYLVANIA,1499.0,11.0,4.0,8.0,59365.0,0.085455254,0.089254931,0.053747609,0.065000772,1323.0,-0.117411607738
2014,Cambria County,PENNSYLVANIA,1444.0,11.0,4.0,8.0,42304.0,0.153725639,0.149407893,0.084051184,0.087837838,1499.0,0.0380886426593
2014,Centre County,PENNSYLVANIA,1171.0,11.0,8.0,9.0,50295.0,0.185807526,0.203225046,0.046077818,0.052587025,1158.0,-0.0111016225448
2014,Chester County,PENNSYLVANIA,1335.0,9.0,5.0,5.0,86093.0,0.074371949,0.070787281,0.050651468,0.063085794,1327.0,-0.0059925093633
2014,Clearfield County,PENNSYLVANIA,1161.0,13.0,6.0,9.0,41510.0,0.1651216,0.149772793,0.071609244,0.087334506,1297.0,0.11714039621
2014,Columbia County,PENNSYLVANIA,1558.0,12.0,6.0,11.0,46367.0,0.134177819,0.157925725,0.045265485,0.05586455,1132.0,-0.273427471117
2014,Crawford County,PENNSYLVANIA,1586.0,10.0,4.0,8.0,43622.0,0.140906751,0.156383201,0.072196394,0.081377797,1759.0,0.109079445145
2014,Cumberland County,PENNSYLVANIA,1271.0,9.0,4.0,6.0,61417.0,0.091375664,0.086567916,0.042278517,0.059082143,1372.0,0.0794649881983
2014,Dauphin County,PENNSYLVANIA,1662.0,9.0,4.0,7.0,54337.0,0.135708451,0.136307761,0.056859024,0.074604087,1496.0,-0.0998796630566
2014,Delaware County,PENNSYLVANIA,1595.0,11.0,5.0,7.0,64174.0,0.110085919,0.105415553,0.074339107,0.088501357,1638.0,0.0269592476489
2014,Erie County,PENNSYLVANIA,1320.0,10.0,4.0,10.0,45703.0,0.163059846,0.167053714,0.067824937,0.085416131,1328.0,0.00606060606061
2014,Fayette County,PENNSYLVANIA,1410.0,14.0,4.0,10.0,38879.0,0.205403745,0.190255284,0.092197858,0.0945438,1364.0,-0.0326241134752
2014,Franklin County,PENNSYLVANIA,1197.0,10.0,5.0,9.0,53394.0,0.128715038,0.116005696,0.052573111,0.071504578,1243.0,0.0384294068505
2014,Indiana County,PENNSYLVANIA,1518.0,11.0,5.0,8.0,45168.0,0.168383747,0.171630263,0.072500303,0.084822156,1374.0,-0.0948616600791
2014,Lackawanna County,PENNSYLVANIA,1184.0,12.0,5.0,10.0,46056.0,0.155390128,0.141820773,0.059334937,0.076298684,1281.0,0.0819256756757
2014,Lancaster County,PENNSYLVANIA,1181.0,10.0,5.0,6.0,57120.0,0.104365081,0.10571783,0.041938804,0.06702809,1239.0,0.0491109229467
2014,Lawrence County,PENNSYLVANIA,1712.0,14.0,5.0,10.0,43991.0,0.122070186,0.144732028,0.063543126,0.073740378,1595.0,-0.0683411214953
2014,Lebanon County,PENNSYLVANIA,1230.0,10.0,4.0,6.0,56173.0,0.103162915,0.109025978,0.072890446,0.077305771,1132.0,-0.079674796748
2014,Lehigh County,PENNSYLVANIA,1413.0,9.0,5.0,8.0,55681.0,0.128980368,0.133610412,0.086793266,0.098982468,1442.0,0.0205237084218
2014,Luzerne County,PENNSYLVANIA,1260.0,14.0,5.0,8.0,45118.0,0.159829974,0.162919357,0.073499009,0.085436568,1195.0,-0.0515873015873
2014,Lycoming County,PENNSYLVANIA,1308.0,12.0,5.0,9.0,45877.0,0.170935765,0.14755781,0.052897081,0.085343011,1621.0,0.239296636086
2014,Mercer County,PENNSYLVANIA,1436.0,12.0,5.0,10.0,43715.0,0.140518099,0.139986172,0.058326866,0.078069739,1306.0,-0.0905292479109
2014,Monroe County,PENNSYLVANIA,1357.0,13.0,6.0,10.0,57748.0,0.133560225,0.125435963,0.120776571,0.136531919,1418.0,0.0449521002211
2014,Montgomery County,PENNSYLVANIA,1523.0,9.0,5.0,5.0,79926.0,0.071731113,0.064201362,0.054652505,0.068028264,1510.0,-0.00853578463559
2014,Northampton County,PENNSYLVANIA,1369.0,10.0,6.0,7.0,61041.0,0.098034203,0.098415121,0.068422318,0.081756555,1481.0,0.081811541271
2014,Northumberland County,PENNSYLVANIA,1462.0,14.0,6.0,12.0,41560.0,0.165152758,0.141570881,0.058101185,0.082984768,1343.0,-0.0813953488372
2014,Philadelphia County,PENNSYLVANIA,1908.0,11.0,7.0,9.0,37460.0,0.2604312,0.266792953,0.127890259,0.1484835,1979.0,0.0372117400419
2014,Schuylkill County,PENNSYLVANIA,1177.0,13.0,5.0,10.0,45020.0,0.130764902,0.133566439,0.075305656,0.0906571,1278.0,0.0858113848768
2014,Somerset County,PENNSYLVANIA,2124.0,11.0,4.0,6.0,44255.0,0.120891936,0.127023116,0.053606045,0.075068817,1481.0,-0.302730696798
2014,Washington County,PENNSYLVANIA,1603.0,12.0,4.0,8.0,55323.0,0.104194365,0.105175376,0.046830151,0.071368299,1898.0,0.184029943855
2014,Westmoreland County,PENNSYLVANIA,1250.0,12.0,4.0,8.0,51593.0,0.099312156,0.103186712,0.052846648,0.064715438,1511.0,0.2088
2014,York County,PENNSYLVANIA,1224.0,10.0,5.0,7.0,58906.0,0.102058418,0.103429385,0.059202142,0.082653046,1340.0,0.0947712418301
2014,Kent County,RHODE ISLAND,1793.0,12.0,7.0,11.0,62976.0,0.084510744,0.088301085,0.082642049,0.093147703,1968.0,0.0976017847183
2014,Newport County,RHODE ISLAND,1560.0,11.0,6.0,6.0,72702.0,0.08367046,0.08524698,0.054040123,0.0708609,1599.0,0.025
2014,Providence County,RHODE ISLAND,1616.0,11.0,8.0,11.0,49139.0,0.180864424,0.179574385,0.085197896,0.105389148,1657.0,0.0253712871287
2014,Washington County,RHODE ISLAND,1364.0,11.0,6.0,7.0,72784.0,0.106035255,0.094461277,0.05790383,0.065804176,1170.0,-0.142228739003
2014,Aiken County,SOUTH CAROLINA,1423.0,10.0,4.0,7.0,45597.0,0.160792902,0.183638826,0.075083032,0.102409169,1330.0,-0.0653548840478
2014,Anderson County,SOUTH CAROLINA,1997.0,13.0,4.0,8.0,41822.0,0.166067526,0.167568639,0.087383151,0.101462893,1932.0,-0.0325488232349
2014,Beaufort County,SOUTH CAROLINA,1681.0,6.0,3.0,4.0,57295.0,0.127740249,0.123898387,0.059956294,0.073202759,1539.0,-0.0844735276621
2014,Berkeley County,SOUTH CAROLINA,1432.0,11.0,6.0,8.0,51844.0,0.131922305,0.144695878,0.0535133,0.106453016,1361.0,-0.0495810055866
2014,Charleston County,SOUTH CAROLINA,1348.0,9.0,5.0,6.0,52083.0,0.168092087,0.180584714,0.062482078,0.088059105,1096.0,-0.186943620178
2014,Dorchester County,SOUTH CAROLINA,1515.0,11.0,5.0,7.0,54452.0,0.133495763,0.118046559,0.08173696,0.094305173,1399.0,-0.0765676567657
2014,Florence County,SOUTH CAROLINA,1528.0,12.0,5.0,9.0,42321.0,0.186477438,0.204858273,0.112429187,0.131187931,1521.0,-0.00458115183246
2014,Greenville County,SOUTH CAROLINA,1432.0,10.0,5.0,8.0,49968.0,0.147630617,0.158028975,0.058953431,0.083444543,1361.0,-0.0495810055866
2014,Horry County,SOUTH CAROLINA,1415.0,12.0,4.0,9.0,42322.0,0.177473754,0.188782111,0.070696823,0.100161575,1429.0,0.00989399293286
2014,Laurens County,SOUTH CAROLINA,1442.0,11.0,4.0,11.0,38300.0,0.209294707,0.20964472,0.102798171,0.117241606,1108.0,-0.231622746186
2014,Lexington County,SOUTH CAROLINA,1480.0,9.0,4.0,7.0,54170.0,0.140201256,0.142720267,0.06350103,0.085644707,1531.0,0.0344594594595
2014,Oconee County,SOUTH CAROLINA,1343.0,14.0,5.0,8.0,41197.0,0.188423663,0.188065633,0.090433761,0.120154329,1463.0,0.0893521965748
2014,Orangeburg County,SOUTH CAROLINA,1008.0,11.0,5.0,8.0,33615.0,0.320109785,0.24739182,0.105836511,0.133234143,1398.0,0.386904761905
2014,Pickens County,SOUTH CAROLINA,1614.0,12.0,5.0,9.0,41501.0,0.207524478,0.194116756,0.069523498,0.108622678,1446.0,-0.104089219331
2014,Richland County,SOUTH CAROLINA,1515.0,7.0,5.0,7.0,48674.0,0.156174675,0.172433242,0.073822357,0.097341232,1485.0,-0.019801980198
2014,Spartanburg County,SOUTH CAROLINA,1772.0,12.0,6.0,10.0,43555.0,0.177659661,0.182700142,0.067602202,0.102431118,1691.0,-0.0457110609481
2014,Sumter County,SOUTH CAROLINA,1248.0,13.0,6.0,10.0,40662.0,0.240677446,0.185499907,0.165215805,0.132124305,1231.0,-0.0136217948718
2014,York County,SOUTH CAROLINA,1559.0,10.0,5.0,7.0,53568.0,0.157203794,0.142574534,0.089667194,0.104205415,1664.0,0.0673508659397
2014,Minnehaha County,SOUTH DAKOTA,1542.0,9.0,4.0,7.0,53391.0,0.113841102,0.116534024,0.043854538,0.046492748,1497.0,-0.0291828793774
2014,Pennington County,SOUTH DAKOTA,1241.0,10.0,4.0,7.0,50564.0,0.133272111,0.127537712,0.026217746,0.051951941,1470.0,0.184528605963
2014,Blount County,TENNESSEE,1192.0,13.0,4.0,9.0,46518.0,0.151182204,0.144360632,0.093394078,0.090345465,1142.0,-0.0419463087248
2014,Bradley County,TENNESSEE,1352.0,15.0,6.0,11.0,41575.0,0.181346163,0.197713211,0.092290096,0.112014957,1167.0,-0.136834319527
2014,Davidson County,TENNESSEE,1641.0,10.0,5.0,9.0,47434.0,0.199158043,0.188250259,0.063973352,0.081576772,1685.0,0.0268129189519
2014,Hamilton County,TENNESSEE,1283.0,12.0,5.0,9.0,47880.0,0.15767473,0.160076559,0.075777948,0.088929199,1404.0,0.0943102104443
2014,Knox County,TENNESSEE,1232.0,12.0,4.0,9.0,47543.0,0.178190738,0.153140977,0.058658231,0.069190249,1205.0,-0.0219155844156
2014,Madison County,TENNESSEE,1733.0,12.0,4.0,10.0,42069.0,0.213529512,0.201436266,0.063000388,0.102535926,1554.0,-0.103289094057
2014,Montgomery County,TENNESSEE,1396.0,14.0,5.0,9.0,50693.0,0.138078138,0.162546098,0.06666594,0.086642958,1280.0,-0.0830945558739
2014,Rutherford County,TENNESSEE,1445.0,12.0,4.0,10.0,55096.0,0.157018378,0.13265723,0.061769441,0.081622995,1414.0,-0.0214532871972
2014,Shelby County,TENNESSEE,1404.0,9.0,5.0,7.0,46213.0,0.229211926,0.212949708,0.089439839,0.113076583,1488.0,0.0598290598291
2014,Sullivan County,TENNESSEE,1572.0,14.0,4.0,12.0,39577.0,0.185728222,0.180003241,0.065077305,0.092706874,1478.0,-0.059796437659
2014,Sumner County,TENNESSEE,1690.0,13.0,6.0,10.0,56193.0,0.111486055,0.10207513,0.063622735,0.068378568,1672.0,-0.010650887574
2014,Washington County,TENNESSEE,1376.0,13.0,4.0,10.0,42935.0,0.163323924,0.179316923,0.061669361,0.062869273,1497.0,0.0879360465116
2014,Williamson County,TENNESSEE,1276.0,7.0,4.0,4.0,91743.0,0.054798149,0.055698436,0.042256948,0.048743375,1544.0,0.210031347962
2014,Wilson County,TENNESSEE,1638.0,13.0,4.0,9.0,60095.0,0.101718724,0.104441389,0.045095794,0.072895192,1441.0,-0.120268620269
2014,Angelina County,TEXAS,2049.0,16.0,5.0,9.0,42374.0,0.165086597,0.199725971,0.101003841,0.093563676,2158.0,0.053196681308
2014,Bell County,TEXAS,1794.0,10.0,6.0,11.0,51027.0,0.140550181,0.148968026,0.072977446,0.081123032,1665.0,-0.0719063545151
2014,Bexar County,TEXAS,1366.0,8.0,5.0,6.0,50867.0,0.184049085,0.17823717,0.064934336,0.077847332,1442.0,0.0556368960469
2014,Bowie County,TEXAS,1751.0,15.0,5.0,11.0,42917.0,0.19950372,0.193716496,0.070073694,0.083882637,1803.0,0.0296973158195
2014,Brazoria County,TEXAS,1936.0,11.0,4.0,7.0,69092.0,0.091748677,0.112349868,0.034096207,0.058558106,2089.0,0.0790289256198
2014,Brazos County,TEXAS,1793.0,9.0,5.0,8.0,39060.0,0.278738171,0.293087244,0.05579618,0.077285461,1858.0,0.0362520914668
2014,Cameron County,TEXAS,1400.0,11.0,5.0,5.0,33390.0,0.352388561,0.348356515,0.081661418,0.104363427,1296.0,-0.0742857142857
2014,Collin County,TEXAS,1801.0,8.0,5.0,5.0,84233.0,0.071694195,0.078587435,0.050888278,0.055279363,1754.0,-0.0260966129928
2014,Coryell County,TEXAS,2050.0,13.0,6.0,10.0,49783.0,0.138777316,0.126046583,0.084814869,0.077191174,1912.0,-0.0673170731707
2014,Dallas County,TEXAS,1761.0,10.0,6.0,8.0,49925.0,0.195170432,0.193304077,0.067275807,0.085131228,1719.0,-0.0238500851789
2014,Denton County,TEXAS,2192.0,11.0,6.0,7.0,74662.0,0.089694299,0.088991113,0.049261816,0.062190972,1947.0,-0.111770072993
2014,Ector County,TEXAS,2376.0,13.0,5.0,8.0,54903.0,0.100058049,0.145726278,0.053334739,0.053155307,2050.0,-0.137205387205
2014,Ellis County,TEXAS,1839.0,10.0,5.0,8.0,61898.0,0.106292352,0.120185263,0.043746032,0.075876355,1920.0,0.0440456769984
2014,El Paso County,TEXAS,1448.0,8.0,6.0,5.0,40783.0,0.234277859,0.234298319,0.078105062,0.085705549,1462.0,0.00966850828729
2014,Fort Bend County,TEXAS,1753.0,8.0,5.0,4.0,86407.0,0.08975032,0.086795516,0.049303535,0.056101531,1470.0,-0.161437535653
2014,Galveston County,TEXAS,2026.0,10.0,5.0,9.0,61744.0,0.145849586,0.134773031,0.056352135,0.080762491,2171.0,0.0715695952616
2014,Grayson County,TEXAS,1914.0,17.0,6.0,10.0,47631.0,0.153322384,0.157719612,0.084734522,0.090833135,1994.0,0.0417972831766
2014,Gregg County,TEXAS,1628.0,15.0,5.0,10.0,46391.0,0.189150989,0.192097753,0.052908357,0.065277658,1582.0,-0.0282555282555
2014,Guadalupe County,TEXAS,1715.0,9.0,4.0,6.0,62412.0,0.101525366,0.097075254,0.055015028,0.067289248,1868.0,0.0892128279883
2014,Harris County,TEXAS,1964.0,10.0,5.0,6.0,53822.0,0.174324676,0.184298068,0.061200488,0.081668325,1829.0,-0.0687372708758
2014,Hays County,TEXAS,1488.0,7.0,4.0,6.0,58878.0,0.214746758,0.17282024,0.071243197,0.07014177,1661.0,0.11626344086
2014,Hidalgo County,TEXAS,1369.0,12.0,4.0,5.0,34952.0,0.340322644,0.345922709,0.093376331,0.103918247,1312.0,-0.0416362308254
2014,Hunt County,TEXAS,1841.0,14.0,5.0,11.0,44898.0,0.224176049,0.195572302,0.074631371,0.11896085,1879.0,0.0206409560022
2014,Jefferson County,TEXAS,1912.0,14.0,5.0,9.0,42368.0,0.213736281,0.213054731,0.077503629,0.102145396,1874.0,-0.0198744769874
2014,Johnson County,TEXAS,1811.0,14.0,6.0,10.0,58221.0,0.1373934,0.12521261,0.063694432,0.076628454,2037.0,0.124792932082
2014,Kaufman County,TEXAS,1755.0,15.0,4.0,10.0,61459.0,0.164897501,0.13865535,0.090396397,0.092454873,1899.0,0.0820512820513
2014,Lubbock County,TEXAS,1730.0,12.0,7.0,8.0,45529.0,0.175410226,0.201833293,0.043768123,0.063789576,1737.0,0.00404624277457
2014,McLennan County,TEXAS,1713.0,9.0,5.0,8.0,42544.0,0.198359892,0.215261444,0.046820007,0.069256492,2118.0,0.23642732049
2014,Midland County,TEXAS,1408.0,12.0,5.0,6.0,66966.0,0.076645151,0.100062177,0.037657198,0.039216962,1391.0,-0.0120738636364
2014,Montgomery County,TEXAS,1973.0,12.0,4.0,7.0,68840.0,0.110879384,0.122773893,0.044906553,0.067163996,2003.0,0.0152052711607
2014,Nueces County,TEXAS,1464.0,12.0,6.0,8.0,49368.0,0.159809858,0.177379787,0.068930574,0.073151648,1386.0,-0.0532786885246
2014,Orange County,TEXAS,2048.0,14.0,4.0,10.0,48766.0,0.158594579,0.147572294,0.063562885,0.086546659,2020.0,-0.013671875
2014,Parker County,TEXAS,2273.0,14.0,6.0,9.0,64979.0,0.095533706,0.110551991,0.060894482,0.069647565,2078.0,-0.0857897052354
2014,Potter County,TEXAS,1647.0,12.0,5.0,10.0,37758.0,0.211523697,0.223656297,0.052956067,0.05888883,1390.0,-0.156041287189
2014,Smith County,TEXAS,1666.0,12.0,5.0,8.0,46669.0,0.19047752,0.168898985,0.07096976,0.076577447,1775.0,0.0654261704682
2014,Tarrant County,TEXAS,1777.0,11.0,7.0,9.0,57727.0,0.153943524,0.153288037,0.061760258,0.078808688,1717.0,-0.0337647720878
2014,Taylor County,TEXAS,1484.0,12.0,4.0,8.0,44695.0,0.158283696,0.180485472,0.051701691,0.062398352,1319.0,-0.111185983827
2014,Tom Green County,TEXAS,1553.0,11.0,6.0,8.0,45114.0,0.151973933,0.160774812,0.023792267,0.054546729,1827.0,0.176432710882
2014,Travis County,TEXAS,1631.0,7.0,5.0,6.0,59620.0,0.171749637,0.175186396,0.044344813,0.067611776,1792.0,0.0987124463519
2014,Webb County,TEXAS,1702.0,10.0,4.0,3.0,38679.0,0.333707154,0.320001245,0.064761005,0.066864841,1462.0,-0.141010575793
2014,Wichita County,TEXAS,1977.0,14.0,4.0,10.0,44854.0,0.204047874,0.167055547,0.055320915,0.06036073,1891.0,-0.0435002529084
2014,Williamson County,TEXAS,1605.0,8.0,5.0,6.0,72118.0,0.081805259,0.07564766,0.042735144,0.06883347,1706.0,0.0629283489097
2014,Cache County,UTAH,1403.0,3.0,4.0,2.0,50367.0,0.146935359,0.157849595,0.044664834,0.063599557,1043.0,-0.256593014968
2014,Davis County,UTAH,1375.0,5.0,4.0,3.0,70388.0,0.068304159,0.078136973,0.04650094,0.046776515,1360.0,-0.0109090909091
2014,Salt Lake County,UTAH,1361.0,6.0,5.0,5.0,61446.0,0.116923839,0.129424721,0.046351429,0.070238024,1629.0,0.196914033799
2014,Utah County,UTAH,1216.0,4.0,5.0,2.0,60830.0,0.125643924,0.137692049,0.047684383,0.06726063,1355.0,0.114309210526
2014,Washington County,UTAH,1012.0,6.0,3.0,3.0,49498.0,0.119942151,0.154825032,0.05520555,0.093755126,1212.0,0.197628458498
2014,Weber County,UTAH,1409.0,6.0,4.0,6.0,56216.0,0.122396581,0.130891934,0.066981889,0.072759263,1404.0,-0.00354861603974
2014,Chittenden County,VERMONT,1358.0,8.0,5.0,8.0,64243.0,0.119244725,0.112732023,0.048257943,0.057395924,1458.0,0.0736377025037
2014,Albemarle County,VIRGINIA,1258.0,8.0,5.0,6.0,67958.0,0.095876545,0.096987277,0.049470663,0.044106372,1360.0,0.0810810810811
2014,Arlington County,VIRGINIA,1125.0,6.0,5.0,5.0,105120.0,0.094302945,0.087932765,0.031659037,0.035295796,1161.0,0.032
2014,Chesterfield County,VIRGINIA,1317.0,8.0,5.0,6.0,72514.0,0.083651647,0.072286323,0.052973542,0.073167942,1261.0,-0.0425208807897
2014,Fairfax County,VIRGINIA,1260.0,6.0,5.0,3.0,112102.0,0.06579233,0.059809837,0.051019605,0.05052669,1287.0,0.0214285714286
2014,Henrico County,VIRGINIA,1115.0,9.0,5.0,5.0,61438.0,0.114391871,0.10722784,0.066209465,0.076182023,1336.0,0.198206278027
2014,Loudoun County,VIRGINIA,1598.0,7.0,5.0,4.0,123966.0,0.040095117,0.038382035,0.040371448,0.0431205,1657.0,0.0369211514393
2014,Montgomery County,VIRGINIA,1472.0,10.0,4.0,7.0,44810.0,0.280123144,0.255638391,0.069390565,0.05951364,1636.0,0.111413043478
2014,Prince William County,VIRGINIA,1387.0,8.0,6.0,5.0,98514.0,0.073973052,0.065143123,0.048628315,0.056535598,1329.0,-0.0418168709445
2014,Rockingham County,VIRGINIA,1027.0,9.0,4.0,7.0,53728.0,0.128058925,0.10881637,0.055053152,0.060404364,1315.0,0.280428432327
2014,Spotsylvania County,VIRGINIA,1738.0,10.0,5.0,7.0,78505.0,0.107389316,0.080819294,0.063206114,0.064498611,1639.0,-0.0569620253165
2014,Stafford County,VIRGINIA,1403.0,9.0,5.0,6.0,98721.0,0.054319613,0.054457907,0.047291338,0.055218302,1719.0,0.225231646472
2014,Alexandria city,VIRGINIA,1181.0,7.0,5.0,4.0,87319.0,0.097637877,0.087239631,0.037743207,0.046009399,1697.0,0.436917866215
2014,Chesapeake city,VIRGINIA,1107.0,11.0,6.0,6.0,70176.0,0.09515477,0.090502948,0.067975074,0.072359174,1207.0,0.0903342366757
2014,Hampton city,VIRGINIA,1074.0,9.0,6.0,8.0,49879.0,0.146661431,0.154635265,0.091067657,0.098931864,1023.0,-0.0474860335196
2014,Newport News city,VIRGINIA,1190.0,9.0,5.0,7.0,51000.0,0.160957873,0.152397275,0.077759475,0.088680975,1209.0,0.0159663865546
2014,Norfolk city,VIRGINIA,1069.0,13.0,7.0,9.0,44150.0,0.222957924,0.204506889,0.075525269,0.096814424,959.0,-0.102899906455
2014,Portsmouth city,VIRGINIA,732.0,11.0,6.0,9.0,46239.0,0.1680675,0.181886733,0.102543846,0.099734262,945.0,0.290983606557
2014,Richmond city,VIRGINIA,1294.0,9.0,6.0,8.0,41331.0,0.250455499,0.255473554,0.100644261,0.107115321,1263.0,-0.0239567233385
2014,Roanoke city,VIRGINIA,1337.0,9.0,5.0,8.0,39530.0,0.201304615,0.218942359,0.080133297,0.079925425,1226.0,-0.0830216903515
2014,Suffolk city,VIRGINIA,1014.0,11.0,6.0,8.0,66822.0,0.142922297,0.111328214,0.082175136,0.086110055,1140.0,0.12426035503
2014,Virginia Beach city,VIRGINIA,1025.0,11.0,6.0,6.0,67001.0,0.082384817,0.083068937,0.048559312,0.05685186,1125.0,0.0975609756098
2014,Benton County,WASHINGTON,1488.0,11.0,6.0,8.0,60589.0,0.156324893,0.137087226,0.057849485,0.071811758,1339.0,-0.100134408602
2014,Clallam County,WASHINGTON,907.0,8.0,5.0,5.0,47008.0,0.166900575,0.1509303,0.074298263,0.105203435,1039.0,0.145534729879
2014,Clark County,WASHINGTON,1468.0,8.0,5.0,8.0,59551.0,0.093344644,0.118087329,0.072301216,0.100923844,1340.0,-0.0871934604905
2014,Cowlitz County,WASHINGTON,1220.0,11.0,5.0,10.0,46571.0,0.224544674,0.183929175,0.126245245,0.134644374,1347.0,0.104098360656
2014,Grant County,WASHINGTON,1204.0,10.0,3.0,8.0,46772.0,0.137764826,0.194005594,0.069418386,0.114202254,1503.0,0.248338870432
2014,Grays Harbor County,WASHINGTON,1267.0,10.0,5.0,8.0,43379.0,0.189625174,0.187673271,0.121557452,0.149609879,1418.0,0.119179163378
2014,Island County,WASHINGTON,1210.0,7.0,4.0,5.0,59107.0,0.104416832,0.097949795,0.074414805,0.086797997,1351.0,0.11652892562
2014,King County,WASHINGTON,1271.0,6.0,4.0,5.0,73035.0,0.112203397,0.117920823,0.051188819,0.072052568,1367.0,0.0755310778914
2014,Kitsap County,WASHINGTON,866.0,8.0,5.0,6.0,62473.0,0.110003807,0.109192625,0.056398079,0.082202591,884.0,0.0207852193995
2014,Lewis County,WASHINGTON,1558.0,10.0,4.0,9.0,42917.0,0.166350484,0.167952701,0.113003701,0.13435787,1481.0,-0.0494223363286
2014,Pierce County,WASHINGTON,1193.0,9.0,5.0,8.0,59711.0,0.129226059,0.125524789,0.072595507,0.099042475,1343.0,0.125733445096
2014,Skagit County,WASHINGTON,1522.0,7.0,3.0,6.0,54917.0,0.165939704,0.14871189,0.067817643,0.088388525,1727.0,0.134691195795
2014,Snohomish County,WASHINGTON,1074.0,7.0,4.0,7.0,69443.0,0.097477213,0.103212237,0.059799444,0.086279005,1080.0,0.00558659217877
2014,Spokane County,WASHINGTON,1361.0,9.0,5.0,8.0,50432.0,0.163816661,0.156144246,0.05989553,0.089330286,1527.0,0.121969140338
2014,Thurston County,WASHINGTON,1125.0,8.0,4.0,7.0,62286.0,0.120063677,0.118545398,0.07493899,0.087968007,1446.0,0.285333333333
2014,Whatcom County,WASHINGTON,1162.0,8.0,4.0,6.0,53025.0,0.160975158,0.162445232,0.08844474,0.089639381,1169.0,0.00602409638554
2014,Yakima County,WASHINGTON,1478.0,9.0,5.0,8.0,43956.0,0.202748939,0.224801913,0.068224944,0.100019746,1503.0,0.0169147496617
2014,Berkeley County,WEST VIRGINIA,1369.0,14.0,5.0,10.0,55100.0,0.135812819,0.146236047,0.086328924,0.112023793,1390.0,0.0153396639883
2014,Cabell County,WEST VIRGINIA,1799.0,15.0,4.0,12.0,37716.0,0.228133038,0.225506425,0.058341622,0.071200386,1703.0,-0.053362979433
2014,Kanawha County,WEST VIRGINIA,1618.0,14.0,5.0,13.0,46583.0,0.169619501,0.150364652,0.067039996,0.070090495,1624.0,0.00370828182942
2014,Monongalia County,WEST VIRGINIA,1493.0,12.0,8.0,12.0,46166.0,0.255777448,0.227676511,0.072695032,0.061221726,1899.0,0.271935699933
2014,Wood County,WEST VIRGINIA,1411.0,16.0,5.0,14.0,42471.0,0.173889026,0.168030083,0.062643968,0.096589521,1294.0,-0.0829199149539
2014,Brown County,WISCONSIN,1273.0,7.0,5.0,7.0,53254.0,0.123671494,0.117060311,0.050140668,0.069446363,957.0,-0.248232521603
2014,Dane County,WISCONSIN,1510.0,6.0,5.0,6.0,62303.0,0.138543501,0.132814229,0.051155321,0.054641485,1438.0,-0.0476821192053
2014,Dodge County,WISCONSIN,1506.0,10.0,4.0,7.0,53189.0,0.094086766,0.092063375,0.048849571,0.071890756,1590.0,0.0557768924303
2014,Eau Claire County,WISCONSIN,1830.0,10.0,5.0,11.0,48209.0,0.144715488,0.153625876,0.038241051,0.057432786,1956.0,0.0688524590164
2014,Fond du Lac County,WISCONSIN,1107.0,9.0,5.0,6.0,54529.0,0.09695553,0.099521734,0.049065504,0.066591062,1276.0,0.152664859982
2014,Jefferson County,WISCONSIN,1260.0,8.0,4.0,8.0,54522.0,0.118456721,0.112172663,0.059339382,0.065369137,1192.0,-0.0539682539683
2014,Kenosha County,WISCONSIN,1292.0,12.0,6.0,10.0,54653.0,0.1669043,0.153100997,0.079185128,0.106068194,1553.0,0.202012383901
2014,La Crosse County,WISCONSIN,1024.0,8.0,5.0,10.0,50769.0,0.125066668,0.140748858,0.051256098,0.056289524,1042.0,0.017578125
2014,Manitowoc County,WISCONSIN,1082.0,9.0,5.0,6.0,48629.0,0.111429259,0.098829553,0.040453382,0.065273315,976.0,-0.097966728281
2014,Marathon County,WISCONSIN,1073.0,9.0,5.0,9.0,53779.0,0.094250411,0.114156932,0.045197967,0.067638658,1130.0,0.0531220876048
2014,Milwaukee County,WISCONSIN,1338.0,10.0,7.0,8.0,43385.0,0.218715459,0.218945444,0.084882773,0.105083302,1405.0,0.0500747384155
2014,Outagamie County,WISCONSIN,1271.0,7.0,6.0,8.0,58421.0,0.107989907,0.088565707,0.033713605,0.047696609,1263.0,-0.00629425649095
2014,Ozaukee County,WISCONSIN,1199.0,7.0,5.0,4.0,75643.0,0.043300066,0.049852178,0.038955443,0.051285837,1110.0,-0.0742285237698
2014,Portage County,WISCONSIN,1469.0,7.0,3.0,7.0,50837.0,0.167889521,0.147438779,0.055477832,0.07835611,1373.0,-0.0653505786249
2014,Racine County,WISCONSIN,1195.0,10.0,7.0,9.0,55055.0,0.127560183,0.13253589,0.062775798,0.094439946,1619.0,0.354811715481
2014,Rock County,WISCONSIN,1737.0,10.0,7.0,12.0,49645.0,0.155643553,0.14867945,0.063384771,0.094435707,1665.0,-0.0414507772021
2014,Sheboygan County,WISCONSIN,1322.0,7.0,5.0,6.0,53029.0,0.080758587,0.09342362,0.042529475,0.067536257,1476.0,0.116490166415
2014,Walworth County,WISCONSIN,1177.0,10.0,5.0,7.0,53998.0,0.146745831,0.135790974,0.055685099,0.079748333,1445.0,0.227697536109
2014,Washington County,WISCONSIN,1090.0,7.0,5.0,5.0,67650.0,0.050644506,0.061629962,0.037449099,0.056419022,1402.0,0.28623853211
2014,Waukesha County,WISCONSIN,1175.0,8.0,5.0,5.0,76319.0,0.0578724,0.056019153,0.033182461,0.051416814,1168.0,-0.00595744680851
2014,Winnebago County,WISCONSIN,1352.0,10.0,7.0,8.0,51949.0,0.124442212,0.125203073,0.03797441,0.057188876,1319.0,-0.0244082840237
2014,Wood County,WISCONSIN,1457.0,9.0,4.0,11.0,48241.0,0.107801676,0.112280317,0.046743806,0.068838619,1261.0,-0.13452299245
2014,Laramie County,WYOMING,1242.0,12.0,5.0,8.0,58324.0,0.108682014,0.10533268,0.040814746,0.049134031,1454.0,0.170692431562
2014,Natrona County,WYOMING,1422.0,12.0,4.0,9.0,56769.0,0.093357854,0.102785535,0.029091945,0.054614976,1463.0,0.0288326300985
2014,Caguas Municipio,PUERTO RICO,905.0,6.0,12.0,1.0,24083.0,0.367630154,0.374545962,0.132327452,0.160142779,988.0,0.0917127071823
2014,Carolina Municipio,PUERTO RICO,321.0,6.0,8.0,1.0,28660.0,0.273909241,0.300732762,0.133722514,0.143987849,303.0,-0.0560747663551
2014,Guaynabo Municipio,PUERTO RICO,505.0,7.0,9.0,1.0,34450.0,0.283318937,0.276982009,0.105721861,0.136456668,495.0,-0.019801980198
2014,Ponce Municipio,PUERTO RICO,987.0,4.0,7.0,1.0,16807.0,0.504447937,0.514497221,0.172647253,0.225373566,907.0,-0.081053698075
2014,San Juan Municipio,PUERTO RICO,568.0,8.0,9.0,1.0,22266.0,0.438660979,0.409357935,0.152335495,0.158178166,580.0,0.0211267605634
2014,Toa Baja Municipio,PUERTO RICO,747.0,8.0,9.0,2.0,23642.0,0.374991089,0.377703398,0.197866932,0.178311676,1249.0,0.672021419009
